-- ============================================================
-- FAKE DATA CHO CÁC BẢNG (100 RECORDS MỖI BẢNG CHÍNH)
-- ============================================================

INSERT INTO "roles" ("role_id", "role_name") VALUES (1, 'ADMIN');
INSERT INTO "roles" ("role_id", "role_name") VALUES (2, 'MANAGER');
INSERT INTO "roles" ("role_id", "role_name") VALUES (3, 'USER');

INSERT INTO "users" ("user_id", "username", "password_hash", "full_name", "email", "is_active", "created_at") VALUES ('5765c1a3-77be-4b40-be35-f71081bb11c9', 'user_1', 'hashed_password_123', 'Nguyễn Văn 1', 'user1@example.com', 1, TO_TIMESTAMP('2025-07-16 20:37:28', 'YYYY-MM-DD HH24:MI:SS'));
INSERT INTO "user_roles" ("user_id", "role_id", "assigned_at") VALUES ('5765c1a3-77be-4b40-be35-f71081bb11c9', 2, TO_TIMESTAMP('2025-07-21 20:37:28', 'YYYY-MM-DD HH24:MI:SS'));
INSERT INTO "users" ("user_id", "username", "password_hash", "full_name", "email", "is_active", "created_at") VALUES ('4e546bf5-953e-4751-b6ef-4068b61b9d17', 'user_2', 'hashed_password_123', 'Nguyễn Văn 2', 'user2@example.com', 1, TO_TIMESTAMP('2026-03-29 20:37:28', 'YYYY-MM-DD HH24:MI:SS'));
INSERT INTO "user_roles" ("user_id", "role_id", "assigned_at") VALUES ('4e546bf5-953e-4751-b6ef-4068b61b9d17', 1, TO_TIMESTAMP('2026-03-30 20:37:28', 'YYYY-MM-DD HH24:MI:SS'));
INSERT INTO "users" ("user_id", "username", "password_hash", "full_name", "email", "is_active", "created_at") VALUES ('5ef2aa0a-77d2-4524-9791-d60cf3e6c5a9', 'user_3', 'hashed_password_123', 'Nguyễn Văn 3', 'user3@example.com', 1, TO_TIMESTAMP('2025-05-03 20:37:28', 'YYYY-MM-DD HH24:MI:SS'));
INSERT INTO "user_roles" ("user_id", "role_id", "assigned_at") VALUES ('5ef2aa0a-77d2-4524-9791-d60cf3e6c5a9', 2, TO_TIMESTAMP('2025-05-07 20:37:28', 'YYYY-MM-DD HH24:MI:SS'));
INSERT INTO "users" ("user_id", "username", "password_hash", "full_name", "email", "is_active", "created_at") VALUES ('58951b52-35f5-4e9c-88f6-bc7e6233cdaa', 'user_4', 'hashed_password_123', 'Nguyễn Văn 4', 'user4@example.com', 1, TO_TIMESTAMP('2026-03-13 20:37:28', 'YYYY-MM-DD HH24:MI:SS'));
INSERT INTO "user_roles" ("user_id", "role_id", "assigned_at") VALUES ('58951b52-35f5-4e9c-88f6-bc7e6233cdaa', 3, TO_TIMESTAMP('2026-03-14 20:37:28', 'YYYY-MM-DD HH24:MI:SS'));
INSERT INTO "users" ("user_id", "username", "password_hash", "full_name", "email", "is_active", "created_at") VALUES ('4e571656-0c00-4a71-a1e6-d913a95da325', 'user_5', 'hashed_password_123', 'Nguyễn Văn 5', 'user5@example.com', 1, TO_TIMESTAMP('2025-09-14 20:37:28', 'YYYY-MM-DD HH24:MI:SS'));
INSERT INTO "user_roles" ("user_id", "role_id", "assigned_at") VALUES ('4e571656-0c00-4a71-a1e6-d913a95da325', 2, TO_TIMESTAMP('2025-09-17 20:37:28', 'YYYY-MM-DD HH24:MI:SS'));
INSERT INTO "users" ("user_id", "username", "password_hash", "full_name", "email", "is_active", "created_at") VALUES ('3f4a7409-087e-4678-9475-de71ef00b2dc', 'user_6', 'hashed_password_123', 'Nguyễn Văn 6', 'user6@example.com', 1, TO_TIMESTAMP('2026-03-28 20:37:28', 'YYYY-MM-DD HH24:MI:SS'));
INSERT INTO "user_roles" ("user_id", "role_id", "assigned_at") VALUES ('3f4a7409-087e-4678-9475-de71ef00b2dc', 2, TO_TIMESTAMP('2026-04-02 20:37:28', 'YYYY-MM-DD HH24:MI:SS'));
INSERT INTO "users" ("user_id", "username", "password_hash", "full_name", "email", "is_active", "created_at") VALUES ('fe96777a-4921-4d33-8ade-19bf3d6e1ffb', 'user_7', 'hashed_password_123', 'Nguyễn Văn 7', 'user7@example.com', 1, TO_TIMESTAMP('2026-03-29 20:37:28', 'YYYY-MM-DD HH24:MI:SS'));
INSERT INTO "user_roles" ("user_id", "role_id", "assigned_at") VALUES ('fe96777a-4921-4d33-8ade-19bf3d6e1ffb', 1, TO_TIMESTAMP('2026-04-08 20:37:28', 'YYYY-MM-DD HH24:MI:SS'));
INSERT INTO "users" ("user_id", "username", "password_hash", "full_name", "email", "is_active", "created_at") VALUES ('7952430d-cacb-4340-8a8a-aa586ef65a16', 'user_8', 'hashed_password_123', 'Nguyễn Văn 8', 'user8@example.com', 1, TO_TIMESTAMP('2025-08-15 20:37:28', 'YYYY-MM-DD HH24:MI:SS'));
INSERT INTO "user_roles" ("user_id", "role_id", "assigned_at") VALUES ('7952430d-cacb-4340-8a8a-aa586ef65a16', 1, TO_TIMESTAMP('2025-08-20 20:37:28', 'YYYY-MM-DD HH24:MI:SS'));
INSERT INTO "users" ("user_id", "username", "password_hash", "full_name", "email", "is_active", "created_at") VALUES ('7c5ee91b-e531-4afa-92aa-489f40c52116', 'user_9', 'hashed_password_123', 'Nguyễn Văn 9', 'user9@example.com', 1, TO_TIMESTAMP('2025-12-13 20:37:28', 'YYYY-MM-DD HH24:MI:SS'));
INSERT INTO "user_roles" ("user_id", "role_id", "assigned_at") VALUES ('7c5ee91b-e531-4afa-92aa-489f40c52116', 1, TO_TIMESTAMP('2025-12-22 20:37:28', 'YYYY-MM-DD HH24:MI:SS'));
INSERT INTO "users" ("user_id", "username", "password_hash", "full_name", "email", "is_active", "created_at") VALUES ('f3d52b5a-0cb9-46da-a9b4-70762dbd1e4a', 'user_10', 'hashed_password_123', 'Nguyễn Văn 10', 'user10@example.com', 1, TO_TIMESTAMP('2025-09-01 20:37:28', 'YYYY-MM-DD HH24:MI:SS'));
INSERT INTO "user_roles" ("user_id", "role_id", "assigned_at") VALUES ('f3d52b5a-0cb9-46da-a9b4-70762dbd1e4a', 3, TO_TIMESTAMP('2025-09-08 20:37:28', 'YYYY-MM-DD HH24:MI:SS'));
INSERT INTO "users" ("user_id", "username", "password_hash", "full_name", "email", "is_active", "created_at") VALUES ('be2739d4-0f63-4519-9939-6ab4a600bb47', 'user_11', 'hashed_password_123', 'Nguyễn Văn 11', 'user11@example.com', 1, TO_TIMESTAMP('2025-08-25 20:37:28', 'YYYY-MM-DD HH24:MI:SS'));
INSERT INTO "user_roles" ("user_id", "role_id", "assigned_at") VALUES ('be2739d4-0f63-4519-9939-6ab4a600bb47', 2, TO_TIMESTAMP('2025-09-04 20:37:28', 'YYYY-MM-DD HH24:MI:SS'));
INSERT INTO "users" ("user_id", "username", "password_hash", "full_name", "email", "is_active", "created_at") VALUES ('4c11bbb6-635a-437e-b428-ce1b9b9a9367', 'user_12', 'hashed_password_123', 'Nguyễn Văn 12', 'user12@example.com', 1, TO_TIMESTAMP('2025-08-12 20:37:28', 'YYYY-MM-DD HH24:MI:SS'));
INSERT INTO "user_roles" ("user_id", "role_id", "assigned_at") VALUES ('4c11bbb6-635a-437e-b428-ce1b9b9a9367', 2, TO_TIMESTAMP('2025-08-20 20:37:28', 'YYYY-MM-DD HH24:MI:SS'));
INSERT INTO "users" ("user_id", "username", "password_hash", "full_name", "email", "is_active", "created_at") VALUES ('26fd65e5-b6aa-485b-9d29-3c8369670969', 'user_13', 'hashed_password_123', 'Nguyễn Văn 13', 'user13@example.com', 1, TO_TIMESTAMP('2025-06-11 20:37:28', 'YYYY-MM-DD HH24:MI:SS'));
INSERT INTO "user_roles" ("user_id", "role_id", "assigned_at") VALUES ('26fd65e5-b6aa-485b-9d29-3c8369670969', 2, TO_TIMESTAMP('2025-06-20 20:37:28', 'YYYY-MM-DD HH24:MI:SS'));
INSERT INTO "users" ("user_id", "username", "password_hash", "full_name", "email", "is_active", "created_at") VALUES ('73033162-47c7-4abd-8c7b-015a9488cca1', 'user_14', 'hashed_password_123', 'Nguyễn Văn 14', 'user14@example.com', 1, TO_TIMESTAMP('2026-01-23 20:37:28', 'YYYY-MM-DD HH24:MI:SS'));
INSERT INTO "user_roles" ("user_id", "role_id", "assigned_at") VALUES ('73033162-47c7-4abd-8c7b-015a9488cca1', 2, TO_TIMESTAMP('2026-01-29 20:37:28', 'YYYY-MM-DD HH24:MI:SS'));
INSERT INTO "users" ("user_id", "username", "password_hash", "full_name", "email", "is_active", "created_at") VALUES ('92526602-30a8-40f2-b3a6-2d3a402a1a60', 'user_15', 'hashed_password_123', 'Nguyễn Văn 15', 'user15@example.com', 1, TO_TIMESTAMP('2025-06-17 20:37:28', 'YYYY-MM-DD HH24:MI:SS'));
INSERT INTO "user_roles" ("user_id", "role_id", "assigned_at") VALUES ('92526602-30a8-40f2-b3a6-2d3a402a1a60', 2, TO_TIMESTAMP('2025-06-24 20:37:28', 'YYYY-MM-DD HH24:MI:SS'));
INSERT INTO "users" ("user_id", "username", "password_hash", "full_name", "email", "is_active", "created_at") VALUES ('3bbdbf1b-b99b-42f6-b763-5777fb0d6a1f', 'user_16', 'hashed_password_123', 'Nguyễn Văn 16', 'user16@example.com', 1, TO_TIMESTAMP('2025-11-16 20:37:28', 'YYYY-MM-DD HH24:MI:SS'));
INSERT INTO "user_roles" ("user_id", "role_id", "assigned_at") VALUES ('3bbdbf1b-b99b-42f6-b763-5777fb0d6a1f', 1, TO_TIMESTAMP('2025-11-17 20:37:28', 'YYYY-MM-DD HH24:MI:SS'));
INSERT INTO "users" ("user_id", "username", "password_hash", "full_name", "email", "is_active", "created_at") VALUES ('428f218c-8146-48f0-aba6-d4d3cf1483d1', 'user_17', 'hashed_password_123', 'Nguyễn Văn 17', 'user17@example.com', 1, TO_TIMESTAMP('2026-01-23 20:37:28', 'YYYY-MM-DD HH24:MI:SS'));
INSERT INTO "user_roles" ("user_id", "role_id", "assigned_at") VALUES ('428f218c-8146-48f0-aba6-d4d3cf1483d1', 1, TO_TIMESTAMP('2026-01-31 20:37:28', 'YYYY-MM-DD HH24:MI:SS'));
INSERT INTO "users" ("user_id", "username", "password_hash", "full_name", "email", "is_active", "created_at") VALUES ('098369b2-a133-4e72-be98-5d12333e1a31', 'user_18', 'hashed_password_123', 'Nguyễn Văn 18', 'user18@example.com', 1, TO_TIMESTAMP('2026-03-06 20:37:28', 'YYYY-MM-DD HH24:MI:SS'));
INSERT INTO "user_roles" ("user_id", "role_id", "assigned_at") VALUES ('098369b2-a133-4e72-be98-5d12333e1a31', 3, TO_TIMESTAMP('2026-03-15 20:37:28', 'YYYY-MM-DD HH24:MI:SS'));
INSERT INTO "users" ("user_id", "username", "password_hash", "full_name", "email", "is_active", "created_at") VALUES ('f139bd03-a6e8-4916-a47d-5d6813cf93b7', 'user_19', 'hashed_password_123', 'Nguyễn Văn 19', 'user19@example.com', 1, TO_TIMESTAMP('2026-01-31 20:37:28', 'YYYY-MM-DD HH24:MI:SS'));
INSERT INTO "user_roles" ("user_id", "role_id", "assigned_at") VALUES ('f139bd03-a6e8-4916-a47d-5d6813cf93b7', 2, TO_TIMESTAMP('2026-02-08 20:37:28', 'YYYY-MM-DD HH24:MI:SS'));
INSERT INTO "users" ("user_id", "username", "password_hash", "full_name", "email", "is_active", "created_at") VALUES ('dab64b53-29a1-4d88-9184-713031d0aac4', 'user_20', 'hashed_password_123', 'Nguyễn Văn 20', 'user20@example.com', 1, TO_TIMESTAMP('2026-03-24 20:37:28', 'YYYY-MM-DD HH24:MI:SS'));
INSERT INTO "user_roles" ("user_id", "role_id", "assigned_at") VALUES ('dab64b53-29a1-4d88-9184-713031d0aac4', 2, TO_TIMESTAMP('2026-03-27 20:37:28', 'YYYY-MM-DD HH24:MI:SS'));
INSERT INTO "users" ("user_id", "username", "password_hash", "full_name", "email", "is_active", "created_at") VALUES ('c74f2ed3-cd52-4163-b6ab-07296656f7a3', 'user_21', 'hashed_password_123', 'Nguyễn Văn 21', 'user21@example.com', 1, TO_TIMESTAMP('2026-01-28 20:37:28', 'YYYY-MM-DD HH24:MI:SS'));
INSERT INTO "user_roles" ("user_id", "role_id", "assigned_at") VALUES ('c74f2ed3-cd52-4163-b6ab-07296656f7a3', 2, TO_TIMESTAMP('2026-02-01 20:37:28', 'YYYY-MM-DD HH24:MI:SS'));
INSERT INTO "users" ("user_id", "username", "password_hash", "full_name", "email", "is_active", "created_at") VALUES ('29ddd67b-2cc2-41a3-a1cd-366063c82603', 'user_22', 'hashed_password_123', 'Nguyễn Văn 22', 'user22@example.com', 1, TO_TIMESTAMP('2025-09-20 20:37:28', 'YYYY-MM-DD HH24:MI:SS'));
INSERT INTO "user_roles" ("user_id", "role_id", "assigned_at") VALUES ('29ddd67b-2cc2-41a3-a1cd-366063c82603', 1, TO_TIMESTAMP('2025-09-24 20:37:28', 'YYYY-MM-DD HH24:MI:SS'));
INSERT INTO "users" ("user_id", "username", "password_hash", "full_name", "email", "is_active", "created_at") VALUES ('7f6fc847-88ba-4878-89ad-42ee2203671f', 'user_23', 'hashed_password_123', 'Nguyễn Văn 23', 'user23@example.com', 1, TO_TIMESTAMP('2025-06-07 20:37:28', 'YYYY-MM-DD HH24:MI:SS'));
INSERT INTO "user_roles" ("user_id", "role_id", "assigned_at") VALUES ('7f6fc847-88ba-4878-89ad-42ee2203671f', 2, TO_TIMESTAMP('2025-06-15 20:37:28', 'YYYY-MM-DD HH24:MI:SS'));
INSERT INTO "users" ("user_id", "username", "password_hash", "full_name", "email", "is_active", "created_at") VALUES ('9aa0a7f6-ee2e-468b-b568-cfceb053218b', 'user_24', 'hashed_password_123', 'Nguyễn Văn 24', 'user24@example.com', 1, TO_TIMESTAMP('2025-04-17 20:37:28', 'YYYY-MM-DD HH24:MI:SS'));
INSERT INTO "user_roles" ("user_id", "role_id", "assigned_at") VALUES ('9aa0a7f6-ee2e-468b-b568-cfceb053218b', 3, TO_TIMESTAMP('2025-04-27 20:37:28', 'YYYY-MM-DD HH24:MI:SS'));
INSERT INTO "users" ("user_id", "username", "password_hash", "full_name", "email", "is_active", "created_at") VALUES ('19034f17-bf5d-4f89-a7a5-10a913a7e055', 'user_25', 'hashed_password_123', 'Nguyễn Văn 25', 'user25@example.com', 1, TO_TIMESTAMP('2025-11-15 20:37:28', 'YYYY-MM-DD HH24:MI:SS'));
INSERT INTO "user_roles" ("user_id", "role_id", "assigned_at") VALUES ('19034f17-bf5d-4f89-a7a5-10a913a7e055', 1, TO_TIMESTAMP('2025-11-25 20:37:28', 'YYYY-MM-DD HH24:MI:SS'));
INSERT INTO "users" ("user_id", "username", "password_hash", "full_name", "email", "is_active", "created_at") VALUES ('1e4d84dd-2bd6-4bec-b6b2-cdd8e11bf077', 'user_26', 'hashed_password_123', 'Nguyễn Văn 26', 'user26@example.com', 1, TO_TIMESTAMP('2025-11-10 20:37:28', 'YYYY-MM-DD HH24:MI:SS'));
INSERT INTO "user_roles" ("user_id", "role_id", "assigned_at") VALUES ('1e4d84dd-2bd6-4bec-b6b2-cdd8e11bf077', 3, TO_TIMESTAMP('2025-11-17 20:37:28', 'YYYY-MM-DD HH24:MI:SS'));
INSERT INTO "users" ("user_id", "username", "password_hash", "full_name", "email", "is_active", "created_at") VALUES ('af82b216-bd43-43fa-995a-d4b7984eb482', 'user_27', 'hashed_password_123', 'Nguyễn Văn 27', 'user27@example.com', 1, TO_TIMESTAMP('2025-12-21 20:37:28', 'YYYY-MM-DD HH24:MI:SS'));
INSERT INTO "user_roles" ("user_id", "role_id", "assigned_at") VALUES ('af82b216-bd43-43fa-995a-d4b7984eb482', 2, TO_TIMESTAMP('2025-12-22 20:37:28', 'YYYY-MM-DD HH24:MI:SS'));
INSERT INTO "users" ("user_id", "username", "password_hash", "full_name", "email", "is_active", "created_at") VALUES ('b12689b7-1b4d-45f4-b36c-c53286d6f37e', 'user_28', 'hashed_password_123', 'Nguyễn Văn 28', 'user28@example.com', 1, TO_TIMESTAMP('2025-04-19 20:37:28', 'YYYY-MM-DD HH24:MI:SS'));
INSERT INTO "user_roles" ("user_id", "role_id", "assigned_at") VALUES ('b12689b7-1b4d-45f4-b36c-c53286d6f37e', 1, TO_TIMESTAMP('2025-04-26 20:37:28', 'YYYY-MM-DD HH24:MI:SS'));
INSERT INTO "users" ("user_id", "username", "password_hash", "full_name", "email", "is_active", "created_at") VALUES ('eaca1edd-fbe9-4cb7-a23b-4cbbb7b6cef5', 'user_29', 'hashed_password_123', 'Nguyễn Văn 29', 'user29@example.com', 1, TO_TIMESTAMP('2025-05-03 20:37:28', 'YYYY-MM-DD HH24:MI:SS'));
INSERT INTO "user_roles" ("user_id", "role_id", "assigned_at") VALUES ('eaca1edd-fbe9-4cb7-a23b-4cbbb7b6cef5', 1, TO_TIMESTAMP('2025-05-06 20:37:28', 'YYYY-MM-DD HH24:MI:SS'));
INSERT INTO "users" ("user_id", "username", "password_hash", "full_name", "email", "is_active", "created_at") VALUES ('32bc6ec9-0e69-44ba-a5ac-7556cd2e4590', 'user_30', 'hashed_password_123', 'Nguyễn Văn 30', 'user30@example.com', 1, TO_TIMESTAMP('2025-11-05 20:37:28', 'YYYY-MM-DD HH24:MI:SS'));
INSERT INTO "user_roles" ("user_id", "role_id", "assigned_at") VALUES ('32bc6ec9-0e69-44ba-a5ac-7556cd2e4590', 1, TO_TIMESTAMP('2025-11-09 20:37:28', 'YYYY-MM-DD HH24:MI:SS'));
INSERT INTO "users" ("user_id", "username", "password_hash", "full_name", "email", "is_active", "created_at") VALUES ('d428ceca-a3fe-4c77-9f1f-10e0cf0c8555', 'user_31', 'hashed_password_123', 'Nguyễn Văn 31', 'user31@example.com', 1, TO_TIMESTAMP('2025-12-26 20:37:28', 'YYYY-MM-DD HH24:MI:SS'));
INSERT INTO "user_roles" ("user_id", "role_id", "assigned_at") VALUES ('d428ceca-a3fe-4c77-9f1f-10e0cf0c8555', 3, TO_TIMESTAMP('2026-01-02 20:37:28', 'YYYY-MM-DD HH24:MI:SS'));
INSERT INTO "users" ("user_id", "username", "password_hash", "full_name", "email", "is_active", "created_at") VALUES ('ea257a68-1f35-4e74-b997-5142fe190af1', 'user_32', 'hashed_password_123', 'Nguyễn Văn 32', 'user32@example.com', 1, TO_TIMESTAMP('2025-11-13 20:37:28', 'YYYY-MM-DD HH24:MI:SS'));
INSERT INTO "user_roles" ("user_id", "role_id", "assigned_at") VALUES ('ea257a68-1f35-4e74-b997-5142fe190af1', 3, TO_TIMESTAMP('2025-11-20 20:37:28', 'YYYY-MM-DD HH24:MI:SS'));
INSERT INTO "users" ("user_id", "username", "password_hash", "full_name", "email", "is_active", "created_at") VALUES ('8e3fc4cf-46b0-46ee-9d91-76552b533a87', 'user_33', 'hashed_password_123', 'Nguyễn Văn 33', 'user33@example.com', 1, TO_TIMESTAMP('2025-07-07 20:37:28', 'YYYY-MM-DD HH24:MI:SS'));
INSERT INTO "user_roles" ("user_id", "role_id", "assigned_at") VALUES ('8e3fc4cf-46b0-46ee-9d91-76552b533a87', 1, TO_TIMESTAMP('2025-07-09 20:37:28', 'YYYY-MM-DD HH24:MI:SS'));
INSERT INTO "users" ("user_id", "username", "password_hash", "full_name", "email", "is_active", "created_at") VALUES ('0b94abaa-eba2-442a-99a3-65815cec8d25', 'user_34', 'hashed_password_123', 'Nguyễn Văn 34', 'user34@example.com', 1, TO_TIMESTAMP('2025-07-06 20:37:28', 'YYYY-MM-DD HH24:MI:SS'));
INSERT INTO "user_roles" ("user_id", "role_id", "assigned_at") VALUES ('0b94abaa-eba2-442a-99a3-65815cec8d25', 2, TO_TIMESTAMP('2025-07-14 20:37:28', 'YYYY-MM-DD HH24:MI:SS'));
INSERT INTO "users" ("user_id", "username", "password_hash", "full_name", "email", "is_active", "created_at") VALUES ('f3d2bd25-f3fc-4cf9-bfd9-7b4b45922abe', 'user_35', 'hashed_password_123', 'Nguyễn Văn 35', 'user35@example.com', 1, TO_TIMESTAMP('2025-05-28 20:37:28', 'YYYY-MM-DD HH24:MI:SS'));
INSERT INTO "user_roles" ("user_id", "role_id", "assigned_at") VALUES ('f3d2bd25-f3fc-4cf9-bfd9-7b4b45922abe', 2, TO_TIMESTAMP('2025-06-05 20:37:28', 'YYYY-MM-DD HH24:MI:SS'));
INSERT INTO "users" ("user_id", "username", "password_hash", "full_name", "email", "is_active", "created_at") VALUES ('d466eefb-30e2-4b95-85b8-a6768c21557b', 'user_36', 'hashed_password_123', 'Nguyễn Văn 36', 'user36@example.com', 1, TO_TIMESTAMP('2025-06-09 20:37:28', 'YYYY-MM-DD HH24:MI:SS'));
INSERT INTO "user_roles" ("user_id", "role_id", "assigned_at") VALUES ('d466eefb-30e2-4b95-85b8-a6768c21557b', 1, TO_TIMESTAMP('2025-06-12 20:37:28', 'YYYY-MM-DD HH24:MI:SS'));
INSERT INTO "users" ("user_id", "username", "password_hash", "full_name", "email", "is_active", "created_at") VALUES ('90795db6-cdd8-4e67-aa5e-01ea537f864b', 'user_37', 'hashed_password_123', 'Nguyễn Văn 37', 'user37@example.com', 1, TO_TIMESTAMP('2025-07-13 20:37:28', 'YYYY-MM-DD HH24:MI:SS'));
INSERT INTO "user_roles" ("user_id", "role_id", "assigned_at") VALUES ('90795db6-cdd8-4e67-aa5e-01ea537f864b', 1, TO_TIMESTAMP('2025-07-18 20:37:28', 'YYYY-MM-DD HH24:MI:SS'));
INSERT INTO "users" ("user_id", "username", "password_hash", "full_name", "email", "is_active", "created_at") VALUES ('d401ef9b-1650-47be-9fc3-67a87a6f8cdc', 'user_38', 'hashed_password_123', 'Nguyễn Văn 38', 'user38@example.com', 1, TO_TIMESTAMP('2026-03-02 20:37:28', 'YYYY-MM-DD HH24:MI:SS'));
INSERT INTO "user_roles" ("user_id", "role_id", "assigned_at") VALUES ('d401ef9b-1650-47be-9fc3-67a87a6f8cdc', 1, TO_TIMESTAMP('2026-03-11 20:37:28', 'YYYY-MM-DD HH24:MI:SS'));
INSERT INTO "users" ("user_id", "username", "password_hash", "full_name", "email", "is_active", "created_at") VALUES ('063f2402-93d7-403c-804b-6428ddd2790c', 'user_39', 'hashed_password_123', 'Nguyễn Văn 39', 'user39@example.com', 1, TO_TIMESTAMP('2025-11-15 20:37:28', 'YYYY-MM-DD HH24:MI:SS'));
INSERT INTO "user_roles" ("user_id", "role_id", "assigned_at") VALUES ('063f2402-93d7-403c-804b-6428ddd2790c', 2, TO_TIMESTAMP('2025-11-25 20:37:28', 'YYYY-MM-DD HH24:MI:SS'));
INSERT INTO "users" ("user_id", "username", "password_hash", "full_name", "email", "is_active", "created_at") VALUES ('e21b9469-8ccc-44d0-9976-aba7ad2b8c85', 'user_40', 'hashed_password_123', 'Nguyễn Văn 40', 'user40@example.com', 1, TO_TIMESTAMP('2025-08-24 20:37:28', 'YYYY-MM-DD HH24:MI:SS'));
INSERT INTO "user_roles" ("user_id", "role_id", "assigned_at") VALUES ('e21b9469-8ccc-44d0-9976-aba7ad2b8c85', 2, TO_TIMESTAMP('2025-08-28 20:37:28', 'YYYY-MM-DD HH24:MI:SS'));
INSERT INTO "users" ("user_id", "username", "password_hash", "full_name", "email", "is_active", "created_at") VALUES ('44228f65-fb91-4bfe-b286-af656648d64f', 'user_41', 'hashed_password_123', 'Nguyễn Văn 41', 'user41@example.com', 1, TO_TIMESTAMP('2025-09-28 20:37:28', 'YYYY-MM-DD HH24:MI:SS'));
INSERT INTO "user_roles" ("user_id", "role_id", "assigned_at") VALUES ('44228f65-fb91-4bfe-b286-af656648d64f', 1, TO_TIMESTAMP('2025-10-04 20:37:28', 'YYYY-MM-DD HH24:MI:SS'));
INSERT INTO "users" ("user_id", "username", "password_hash", "full_name", "email", "is_active", "created_at") VALUES ('b7eb0d03-776d-4b71-80f6-00ab8ec59489', 'user_42', 'hashed_password_123', 'Nguyễn Văn 42', 'user42@example.com', 1, TO_TIMESTAMP('2025-09-15 20:37:28', 'YYYY-MM-DD HH24:MI:SS'));
INSERT INTO "user_roles" ("user_id", "role_id", "assigned_at") VALUES ('b7eb0d03-776d-4b71-80f6-00ab8ec59489', 3, TO_TIMESTAMP('2025-09-17 20:37:28', 'YYYY-MM-DD HH24:MI:SS'));
INSERT INTO "users" ("user_id", "username", "password_hash", "full_name", "email", "is_active", "created_at") VALUES ('e75a2c12-731a-4bf1-8637-5d40026cc84e', 'user_43', 'hashed_password_123', 'Nguyễn Văn 43', 'user43@example.com', 1, TO_TIMESTAMP('2025-11-02 20:37:28', 'YYYY-MM-DD HH24:MI:SS'));
INSERT INTO "user_roles" ("user_id", "role_id", "assigned_at") VALUES ('e75a2c12-731a-4bf1-8637-5d40026cc84e', 2, TO_TIMESTAMP('2025-11-03 20:37:28', 'YYYY-MM-DD HH24:MI:SS'));
INSERT INTO "users" ("user_id", "username", "password_hash", "full_name", "email", "is_active", "created_at") VALUES ('bebebb82-f223-419e-a782-c7069046e9e6', 'user_44', 'hashed_password_123', 'Nguyễn Văn 44', 'user44@example.com', 1, TO_TIMESTAMP('2025-09-21 20:37:28', 'YYYY-MM-DD HH24:MI:SS'));
INSERT INTO "user_roles" ("user_id", "role_id", "assigned_at") VALUES ('bebebb82-f223-419e-a782-c7069046e9e6', 3, TO_TIMESTAMP('2025-09-26 20:37:28', 'YYYY-MM-DD HH24:MI:SS'));
INSERT INTO "users" ("user_id", "username", "password_hash", "full_name", "email", "is_active", "created_at") VALUES ('382cf71e-3f0c-4a44-ada4-8578dca685a2', 'user_45', 'hashed_password_123', 'Nguyễn Văn 45', 'user45@example.com', 1, TO_TIMESTAMP('2025-04-16 20:37:28', 'YYYY-MM-DD HH24:MI:SS'));
INSERT INTO "user_roles" ("user_id", "role_id", "assigned_at") VALUES ('382cf71e-3f0c-4a44-ada4-8578dca685a2', 1, TO_TIMESTAMP('2025-04-21 20:37:28', 'YYYY-MM-DD HH24:MI:SS'));
INSERT INTO "users" ("user_id", "username", "password_hash", "full_name", "email", "is_active", "created_at") VALUES ('c5c926da-8a44-4901-b82e-e242cfb052e5', 'user_46', 'hashed_password_123', 'Nguyễn Văn 46', 'user46@example.com', 1, TO_TIMESTAMP('2025-06-01 20:37:28', 'YYYY-MM-DD HH24:MI:SS'));
INSERT INTO "user_roles" ("user_id", "role_id", "assigned_at") VALUES ('c5c926da-8a44-4901-b82e-e242cfb052e5', 3, TO_TIMESTAMP('2025-06-06 20:37:28', 'YYYY-MM-DD HH24:MI:SS'));
INSERT INTO "users" ("user_id", "username", "password_hash", "full_name", "email", "is_active", "created_at") VALUES ('a3212c37-4e85-4988-8964-244b18bbdd0a', 'user_47', 'hashed_password_123', 'Nguyễn Văn 47', 'user47@example.com', 1, TO_TIMESTAMP('2025-04-30 20:37:28', 'YYYY-MM-DD HH24:MI:SS'));
INSERT INTO "user_roles" ("user_id", "role_id", "assigned_at") VALUES ('a3212c37-4e85-4988-8964-244b18bbdd0a', 1, TO_TIMESTAMP('2025-05-08 20:37:28', 'YYYY-MM-DD HH24:MI:SS'));
INSERT INTO "users" ("user_id", "username", "password_hash", "full_name", "email", "is_active", "created_at") VALUES ('03da50c7-bcbd-4081-bec4-4b5f704d3555', 'user_48', 'hashed_password_123', 'Nguyễn Văn 48', 'user48@example.com', 1, TO_TIMESTAMP('2025-12-13 20:37:28', 'YYYY-MM-DD HH24:MI:SS'));
INSERT INTO "user_roles" ("user_id", "role_id", "assigned_at") VALUES ('03da50c7-bcbd-4081-bec4-4b5f704d3555', 3, TO_TIMESTAMP('2025-12-18 20:37:28', 'YYYY-MM-DD HH24:MI:SS'));
INSERT INTO "users" ("user_id", "username", "password_hash", "full_name", "email", "is_active", "created_at") VALUES ('44622f1b-6371-445f-807e-b8213715f549', 'user_49', 'hashed_password_123', 'Nguyễn Văn 49', 'user49@example.com', 1, TO_TIMESTAMP('2026-02-26 20:37:28', 'YYYY-MM-DD HH24:MI:SS'));
INSERT INTO "user_roles" ("user_id", "role_id", "assigned_at") VALUES ('44622f1b-6371-445f-807e-b8213715f549', 2, TO_TIMESTAMP('2026-03-01 20:37:28', 'YYYY-MM-DD HH24:MI:SS'));
INSERT INTO "users" ("user_id", "username", "password_hash", "full_name", "email", "is_active", "created_at") VALUES ('fe3b0574-fe9b-42d2-94cb-cfadd8398f22', 'user_50', 'hashed_password_123', 'Nguyễn Văn 50', 'user50@example.com', 1, TO_TIMESTAMP('2025-05-26 20:37:28', 'YYYY-MM-DD HH24:MI:SS'));
INSERT INTO "user_roles" ("user_id", "role_id", "assigned_at") VALUES ('fe3b0574-fe9b-42d2-94cb-cfadd8398f22', 3, TO_TIMESTAMP('2025-05-27 20:37:28', 'YYYY-MM-DD HH24:MI:SS'));
INSERT INTO "users" ("user_id", "username", "password_hash", "full_name", "email", "is_active", "created_at") VALUES ('e6ea5981-d571-44d4-8fb5-79e913ed4b09', 'user_51', 'hashed_password_123', 'Nguyễn Văn 51', 'user51@example.com', 1, TO_TIMESTAMP('2025-12-01 20:37:28', 'YYYY-MM-DD HH24:MI:SS'));
INSERT INTO "user_roles" ("user_id", "role_id", "assigned_at") VALUES ('e6ea5981-d571-44d4-8fb5-79e913ed4b09', 3, TO_TIMESTAMP('2025-12-07 20:37:28', 'YYYY-MM-DD HH24:MI:SS'));
INSERT INTO "users" ("user_id", "username", "password_hash", "full_name", "email", "is_active", "created_at") VALUES ('8a0b2c24-f685-48fb-9f48-e0e03301e381', 'user_52', 'hashed_password_123', 'Nguyễn Văn 52', 'user52@example.com', 1, TO_TIMESTAMP('2025-05-10 20:37:28', 'YYYY-MM-DD HH24:MI:SS'));
INSERT INTO "user_roles" ("user_id", "role_id", "assigned_at") VALUES ('8a0b2c24-f685-48fb-9f48-e0e03301e381', 1, TO_TIMESTAMP('2025-05-20 20:37:28', 'YYYY-MM-DD HH24:MI:SS'));
INSERT INTO "users" ("user_id", "username", "password_hash", "full_name", "email", "is_active", "created_at") VALUES ('cc9fd9ce-7326-420e-832b-06a16eddac5d', 'user_53', 'hashed_password_123', 'Nguyễn Văn 53', 'user53@example.com', 1, TO_TIMESTAMP('2025-08-01 20:37:28', 'YYYY-MM-DD HH24:MI:SS'));
INSERT INTO "user_roles" ("user_id", "role_id", "assigned_at") VALUES ('cc9fd9ce-7326-420e-832b-06a16eddac5d', 3, TO_TIMESTAMP('2025-08-02 20:37:28', 'YYYY-MM-DD HH24:MI:SS'));
INSERT INTO "users" ("user_id", "username", "password_hash", "full_name", "email", "is_active", "created_at") VALUES ('2d44b03b-537c-4179-9b1a-5cf902699eb1', 'user_54', 'hashed_password_123', 'Nguyễn Văn 54', 'user54@example.com', 1, TO_TIMESTAMP('2026-02-28 20:37:28', 'YYYY-MM-DD HH24:MI:SS'));
INSERT INTO "user_roles" ("user_id", "role_id", "assigned_at") VALUES ('2d44b03b-537c-4179-9b1a-5cf902699eb1', 3, TO_TIMESTAMP('2026-03-07 20:37:28', 'YYYY-MM-DD HH24:MI:SS'));
INSERT INTO "users" ("user_id", "username", "password_hash", "full_name", "email", "is_active", "created_at") VALUES ('b04ee298-abe3-45eb-a0b9-9187a399647d', 'user_55', 'hashed_password_123', 'Nguyễn Văn 55', 'user55@example.com', 1, TO_TIMESTAMP('2026-03-24 20:37:28', 'YYYY-MM-DD HH24:MI:SS'));
INSERT INTO "user_roles" ("user_id", "role_id", "assigned_at") VALUES ('b04ee298-abe3-45eb-a0b9-9187a399647d', 3, TO_TIMESTAMP('2026-03-29 20:37:28', 'YYYY-MM-DD HH24:MI:SS'));
INSERT INTO "users" ("user_id", "username", "password_hash", "full_name", "email", "is_active", "created_at") VALUES ('46338304-3d6f-4624-b48b-5fe87aecb717', 'user_56', 'hashed_password_123', 'Nguyễn Văn 56', 'user56@example.com', 1, TO_TIMESTAMP('2025-11-24 20:37:28', 'YYYY-MM-DD HH24:MI:SS'));
INSERT INTO "user_roles" ("user_id", "role_id", "assigned_at") VALUES ('46338304-3d6f-4624-b48b-5fe87aecb717', 1, TO_TIMESTAMP('2025-12-03 20:37:28', 'YYYY-MM-DD HH24:MI:SS'));
INSERT INTO "users" ("user_id", "username", "password_hash", "full_name", "email", "is_active", "created_at") VALUES ('8c33bf09-5bd1-4ace-8794-3253aeeb8e08', 'user_57', 'hashed_password_123', 'Nguyễn Văn 57', 'user57@example.com', 1, TO_TIMESTAMP('2026-01-30 20:37:28', 'YYYY-MM-DD HH24:MI:SS'));
INSERT INTO "user_roles" ("user_id", "role_id", "assigned_at") VALUES ('8c33bf09-5bd1-4ace-8794-3253aeeb8e08', 2, TO_TIMESTAMP('2026-02-06 20:37:28', 'YYYY-MM-DD HH24:MI:SS'));
INSERT INTO "users" ("user_id", "username", "password_hash", "full_name", "email", "is_active", "created_at") VALUES ('564b4015-cb5d-471c-aeb2-6ef822915d42', 'user_58', 'hashed_password_123', 'Nguyễn Văn 58', 'user58@example.com', 1, TO_TIMESTAMP('2025-06-18 20:37:28', 'YYYY-MM-DD HH24:MI:SS'));
INSERT INTO "user_roles" ("user_id", "role_id", "assigned_at") VALUES ('564b4015-cb5d-471c-aeb2-6ef822915d42', 2, TO_TIMESTAMP('2025-06-27 20:37:28', 'YYYY-MM-DD HH24:MI:SS'));
INSERT INTO "users" ("user_id", "username", "password_hash", "full_name", "email", "is_active", "created_at") VALUES ('1365401e-f085-4afe-8eb3-ffbc536dbb23', 'user_59', 'hashed_password_123', 'Nguyễn Văn 59', 'user59@example.com', 1, TO_TIMESTAMP('2025-11-01 20:37:28', 'YYYY-MM-DD HH24:MI:SS'));
INSERT INTO "user_roles" ("user_id", "role_id", "assigned_at") VALUES ('1365401e-f085-4afe-8eb3-ffbc536dbb23', 2, TO_TIMESTAMP('2025-11-08 20:37:28', 'YYYY-MM-DD HH24:MI:SS'));
INSERT INTO "users" ("user_id", "username", "password_hash", "full_name", "email", "is_active", "created_at") VALUES ('8f697585-fb35-424b-9ab2-fa789a90f5f4', 'user_60', 'hashed_password_123', 'Nguyễn Văn 60', 'user60@example.com', 1, TO_TIMESTAMP('2025-09-16 20:37:28', 'YYYY-MM-DD HH24:MI:SS'));
INSERT INTO "user_roles" ("user_id", "role_id", "assigned_at") VALUES ('8f697585-fb35-424b-9ab2-fa789a90f5f4', 3, TO_TIMESTAMP('2025-09-18 20:37:28', 'YYYY-MM-DD HH24:MI:SS'));
INSERT INTO "users" ("user_id", "username", "password_hash", "full_name", "email", "is_active", "created_at") VALUES ('3ffad46c-8c44-48c1-a75e-074ff61d471a', 'user_61', 'hashed_password_123', 'Nguyễn Văn 61', 'user61@example.com', 1, TO_TIMESTAMP('2025-11-14 20:37:28', 'YYYY-MM-DD HH24:MI:SS'));
INSERT INTO "user_roles" ("user_id", "role_id", "assigned_at") VALUES ('3ffad46c-8c44-48c1-a75e-074ff61d471a', 2, TO_TIMESTAMP('2025-11-23 20:37:28', 'YYYY-MM-DD HH24:MI:SS'));
INSERT INTO "users" ("user_id", "username", "password_hash", "full_name", "email", "is_active", "created_at") VALUES ('576cbe85-4618-42f3-b3bb-952211a30b26', 'user_62', 'hashed_password_123', 'Nguyễn Văn 62', 'user62@example.com', 1, TO_TIMESTAMP('2025-10-09 20:37:28', 'YYYY-MM-DD HH24:MI:SS'));
INSERT INTO "user_roles" ("user_id", "role_id", "assigned_at") VALUES ('576cbe85-4618-42f3-b3bb-952211a30b26', 1, TO_TIMESTAMP('2025-10-16 20:37:28', 'YYYY-MM-DD HH24:MI:SS'));
INSERT INTO "users" ("user_id", "username", "password_hash", "full_name", "email", "is_active", "created_at") VALUES ('d8f4dc6d-c6fe-4a92-9384-476a062b588d', 'user_63', 'hashed_password_123', 'Nguyễn Văn 63', 'user63@example.com', 1, TO_TIMESTAMP('2025-04-29 20:37:28', 'YYYY-MM-DD HH24:MI:SS'));
INSERT INTO "user_roles" ("user_id", "role_id", "assigned_at") VALUES ('d8f4dc6d-c6fe-4a92-9384-476a062b588d', 3, TO_TIMESTAMP('2025-05-08 20:37:28', 'YYYY-MM-DD HH24:MI:SS'));
INSERT INTO "users" ("user_id", "username", "password_hash", "full_name", "email", "is_active", "created_at") VALUES ('bd915a90-55ba-4983-8534-a751d281b804', 'user_64', 'hashed_password_123', 'Nguyễn Văn 64', 'user64@example.com', 1, TO_TIMESTAMP('2026-03-07 20:37:28', 'YYYY-MM-DD HH24:MI:SS'));
INSERT INTO "user_roles" ("user_id", "role_id", "assigned_at") VALUES ('bd915a90-55ba-4983-8534-a751d281b804', 3, TO_TIMESTAMP('2026-03-08 20:37:28', 'YYYY-MM-DD HH24:MI:SS'));
INSERT INTO "users" ("user_id", "username", "password_hash", "full_name", "email", "is_active", "created_at") VALUES ('c9cc389f-b770-4d86-8c7a-4932d8848931', 'user_65', 'hashed_password_123', 'Nguyễn Văn 65', 'user65@example.com', 1, TO_TIMESTAMP('2025-12-28 20:37:28', 'YYYY-MM-DD HH24:MI:SS'));
INSERT INTO "user_roles" ("user_id", "role_id", "assigned_at") VALUES ('c9cc389f-b770-4d86-8c7a-4932d8848931', 1, TO_TIMESTAMP('2026-01-05 20:37:28', 'YYYY-MM-DD HH24:MI:SS'));
INSERT INTO "users" ("user_id", "username", "password_hash", "full_name", "email", "is_active", "created_at") VALUES ('e5590475-6c08-4861-8b61-098762780f17', 'user_66', 'hashed_password_123', 'Nguyễn Văn 66', 'user66@example.com', 1, TO_TIMESTAMP('2026-01-22 20:37:28', 'YYYY-MM-DD HH24:MI:SS'));
INSERT INTO "user_roles" ("user_id", "role_id", "assigned_at") VALUES ('e5590475-6c08-4861-8b61-098762780f17', 3, TO_TIMESTAMP('2026-01-30 20:37:28', 'YYYY-MM-DD HH24:MI:SS'));
INSERT INTO "users" ("user_id", "username", "password_hash", "full_name", "email", "is_active", "created_at") VALUES ('d7281eaa-22a5-449e-a698-efba4020d4ce', 'user_67', 'hashed_password_123', 'Nguyễn Văn 67', 'user67@example.com', 1, TO_TIMESTAMP('2026-02-17 20:37:28', 'YYYY-MM-DD HH24:MI:SS'));
INSERT INTO "user_roles" ("user_id", "role_id", "assigned_at") VALUES ('d7281eaa-22a5-449e-a698-efba4020d4ce', 3, TO_TIMESTAMP('2026-02-25 20:37:28', 'YYYY-MM-DD HH24:MI:SS'));
INSERT INTO "users" ("user_id", "username", "password_hash", "full_name", "email", "is_active", "created_at") VALUES ('e1055c5f-bbf6-4a6f-bd50-4f6459a17caf', 'user_68', 'hashed_password_123', 'Nguyễn Văn 68', 'user68@example.com', 1, TO_TIMESTAMP('2026-03-01 20:37:28', 'YYYY-MM-DD HH24:MI:SS'));
INSERT INTO "user_roles" ("user_id", "role_id", "assigned_at") VALUES ('e1055c5f-bbf6-4a6f-bd50-4f6459a17caf', 1, TO_TIMESTAMP('2026-03-05 20:37:28', 'YYYY-MM-DD HH24:MI:SS'));
INSERT INTO "users" ("user_id", "username", "password_hash", "full_name", "email", "is_active", "created_at") VALUES ('9267fd67-e5d9-4848-95ea-f127bf3a1dc5', 'user_69', 'hashed_password_123', 'Nguyễn Văn 69', 'user69@example.com', 1, TO_TIMESTAMP('2025-05-17 20:37:28', 'YYYY-MM-DD HH24:MI:SS'));
INSERT INTO "user_roles" ("user_id", "role_id", "assigned_at") VALUES ('9267fd67-e5d9-4848-95ea-f127bf3a1dc5', 3, TO_TIMESTAMP('2025-05-24 20:37:28', 'YYYY-MM-DD HH24:MI:SS'));
INSERT INTO "users" ("user_id", "username", "password_hash", "full_name", "email", "is_active", "created_at") VALUES ('ebddeb6f-5252-49f1-b10f-c93aea998463', 'user_70', 'hashed_password_123', 'Nguyễn Văn 70', 'user70@example.com', 1, TO_TIMESTAMP('2026-02-17 20:37:28', 'YYYY-MM-DD HH24:MI:SS'));
INSERT INTO "user_roles" ("user_id", "role_id", "assigned_at") VALUES ('ebddeb6f-5252-49f1-b10f-c93aea998463', 3, TO_TIMESTAMP('2026-02-23 20:37:28', 'YYYY-MM-DD HH24:MI:SS'));
INSERT INTO "users" ("user_id", "username", "password_hash", "full_name", "email", "is_active", "created_at") VALUES ('8d5f906a-ee55-438d-95fc-f19d7d9b71fd', 'user_71', 'hashed_password_123', 'Nguyễn Văn 71', 'user71@example.com', 1, TO_TIMESTAMP('2025-09-09 20:37:28', 'YYYY-MM-DD HH24:MI:SS'));
INSERT INTO "user_roles" ("user_id", "role_id", "assigned_at") VALUES ('8d5f906a-ee55-438d-95fc-f19d7d9b71fd', 3, TO_TIMESTAMP('2025-09-19 20:37:28', 'YYYY-MM-DD HH24:MI:SS'));
INSERT INTO "users" ("user_id", "username", "password_hash", "full_name", "email", "is_active", "created_at") VALUES ('2b900ec9-1144-46c6-aa5f-259a8589721c', 'user_72', 'hashed_password_123', 'Nguyễn Văn 72', 'user72@example.com', 1, TO_TIMESTAMP('2025-09-29 20:37:28', 'YYYY-MM-DD HH24:MI:SS'));
INSERT INTO "user_roles" ("user_id", "role_id", "assigned_at") VALUES ('2b900ec9-1144-46c6-aa5f-259a8589721c', 1, TO_TIMESTAMP('2025-10-09 20:37:28', 'YYYY-MM-DD HH24:MI:SS'));
INSERT INTO "users" ("user_id", "username", "password_hash", "full_name", "email", "is_active", "created_at") VALUES ('1ac30a3a-f406-4e8f-bd70-c1900ee06379', 'user_73', 'hashed_password_123', 'Nguyễn Văn 73', 'user73@example.com', 1, TO_TIMESTAMP('2025-09-01 20:37:28', 'YYYY-MM-DD HH24:MI:SS'));
INSERT INTO "user_roles" ("user_id", "role_id", "assigned_at") VALUES ('1ac30a3a-f406-4e8f-bd70-c1900ee06379', 1, TO_TIMESTAMP('2025-09-09 20:37:28', 'YYYY-MM-DD HH24:MI:SS'));
INSERT INTO "users" ("user_id", "username", "password_hash", "full_name", "email", "is_active", "created_at") VALUES ('3a943ffe-3cc6-456a-ba98-b682bebe5e4b', 'user_74', 'hashed_password_123', 'Nguyễn Văn 74', 'user74@example.com', 1, TO_TIMESTAMP('2025-11-06 20:37:28', 'YYYY-MM-DD HH24:MI:SS'));
INSERT INTO "user_roles" ("user_id", "role_id", "assigned_at") VALUES ('3a943ffe-3cc6-456a-ba98-b682bebe5e4b', 2, TO_TIMESTAMP('2025-11-15 20:37:28', 'YYYY-MM-DD HH24:MI:SS'));
INSERT INTO "users" ("user_id", "username", "password_hash", "full_name", "email", "is_active", "created_at") VALUES ('5c1cd857-6d62-40a5-9577-a70a3834f4cc', 'user_75', 'hashed_password_123', 'Nguyễn Văn 75', 'user75@example.com', 1, TO_TIMESTAMP('2025-12-28 20:37:28', 'YYYY-MM-DD HH24:MI:SS'));
INSERT INTO "user_roles" ("user_id", "role_id", "assigned_at") VALUES ('5c1cd857-6d62-40a5-9577-a70a3834f4cc', 1, TO_TIMESTAMP('2025-12-30 20:37:28', 'YYYY-MM-DD HH24:MI:SS'));
INSERT INTO "users" ("user_id", "username", "password_hash", "full_name", "email", "is_active", "created_at") VALUES ('2d572ceb-fcab-4947-8a43-8028f307e68e', 'user_76', 'hashed_password_123', 'Nguyễn Văn 76', 'user76@example.com', 1, TO_TIMESTAMP('2025-12-05 20:37:28', 'YYYY-MM-DD HH24:MI:SS'));
INSERT INTO "user_roles" ("user_id", "role_id", "assigned_at") VALUES ('2d572ceb-fcab-4947-8a43-8028f307e68e', 2, TO_TIMESTAMP('2025-12-07 20:37:28', 'YYYY-MM-DD HH24:MI:SS'));
INSERT INTO "users" ("user_id", "username", "password_hash", "full_name", "email", "is_active", "created_at") VALUES ('c2b68ac7-86d3-41b4-9d30-1d81df8809cb', 'user_77', 'hashed_password_123', 'Nguyễn Văn 77', 'user77@example.com', 1, TO_TIMESTAMP('2025-06-30 20:37:28', 'YYYY-MM-DD HH24:MI:SS'));
INSERT INTO "user_roles" ("user_id", "role_id", "assigned_at") VALUES ('c2b68ac7-86d3-41b4-9d30-1d81df8809cb', 3, TO_TIMESTAMP('2025-07-07 20:37:28', 'YYYY-MM-DD HH24:MI:SS'));
INSERT INTO "users" ("user_id", "username", "password_hash", "full_name", "email", "is_active", "created_at") VALUES ('7fceb8f8-f60c-41a0-8b35-28c45f02045d', 'user_78', 'hashed_password_123', 'Nguyễn Văn 78', 'user78@example.com', 1, TO_TIMESTAMP('2025-07-24 20:37:28', 'YYYY-MM-DD HH24:MI:SS'));
INSERT INTO "user_roles" ("user_id", "role_id", "assigned_at") VALUES ('7fceb8f8-f60c-41a0-8b35-28c45f02045d', 1, TO_TIMESTAMP('2025-07-31 20:37:28', 'YYYY-MM-DD HH24:MI:SS'));
INSERT INTO "users" ("user_id", "username", "password_hash", "full_name", "email", "is_active", "created_at") VALUES ('2e9a7e7e-8d37-45ae-9498-3d2eb9c0c7a2', 'user_79', 'hashed_password_123', 'Nguyễn Văn 79', 'user79@example.com', 1, TO_TIMESTAMP('2025-10-04 20:37:28', 'YYYY-MM-DD HH24:MI:SS'));
INSERT INTO "user_roles" ("user_id", "role_id", "assigned_at") VALUES ('2e9a7e7e-8d37-45ae-9498-3d2eb9c0c7a2', 1, TO_TIMESTAMP('2025-10-10 20:37:28', 'YYYY-MM-DD HH24:MI:SS'));
INSERT INTO "users" ("user_id", "username", "password_hash", "full_name", "email", "is_active", "created_at") VALUES ('2e2232a4-1101-4489-9df2-8d2abcbef985', 'user_80', 'hashed_password_123', 'Nguyễn Văn 80', 'user80@example.com', 1, TO_TIMESTAMP('2025-11-15 20:37:28', 'YYYY-MM-DD HH24:MI:SS'));
INSERT INTO "user_roles" ("user_id", "role_id", "assigned_at") VALUES ('2e2232a4-1101-4489-9df2-8d2abcbef985', 1, TO_TIMESTAMP('2025-11-22 20:37:28', 'YYYY-MM-DD HH24:MI:SS'));
INSERT INTO "users" ("user_id", "username", "password_hash", "full_name", "email", "is_active", "created_at") VALUES ('b2b70ade-237d-494a-91ba-d81f4b655c92', 'user_81', 'hashed_password_123', 'Nguyễn Văn 81', 'user81@example.com', 1, TO_TIMESTAMP('2026-01-15 20:37:28', 'YYYY-MM-DD HH24:MI:SS'));
INSERT INTO "user_roles" ("user_id", "role_id", "assigned_at") VALUES ('b2b70ade-237d-494a-91ba-d81f4b655c92', 2, TO_TIMESTAMP('2026-01-17 20:37:28', 'YYYY-MM-DD HH24:MI:SS'));
INSERT INTO "users" ("user_id", "username", "password_hash", "full_name", "email", "is_active", "created_at") VALUES ('37a68d34-db92-4cc0-b621-7f1978c24ff2', 'user_82', 'hashed_password_123', 'Nguyễn Văn 82', 'user82@example.com', 1, TO_TIMESTAMP('2025-07-25 20:37:28', 'YYYY-MM-DD HH24:MI:SS'));
INSERT INTO "user_roles" ("user_id", "role_id", "assigned_at") VALUES ('37a68d34-db92-4cc0-b621-7f1978c24ff2', 1, TO_TIMESTAMP('2025-08-04 20:37:28', 'YYYY-MM-DD HH24:MI:SS'));
INSERT INTO "users" ("user_id", "username", "password_hash", "full_name", "email", "is_active", "created_at") VALUES ('dcbbe1e4-f4b8-491b-8075-1d7907bd57ed', 'user_83', 'hashed_password_123', 'Nguyễn Văn 83', 'user83@example.com', 1, TO_TIMESTAMP('2025-05-01 20:37:28', 'YYYY-MM-DD HH24:MI:SS'));
INSERT INTO "user_roles" ("user_id", "role_id", "assigned_at") VALUES ('dcbbe1e4-f4b8-491b-8075-1d7907bd57ed', 2, TO_TIMESTAMP('2025-05-08 20:37:28', 'YYYY-MM-DD HH24:MI:SS'));
INSERT INTO "users" ("user_id", "username", "password_hash", "full_name", "email", "is_active", "created_at") VALUES ('6d34e3ae-7d05-487d-a408-6f20b2c35f95', 'user_84', 'hashed_password_123', 'Nguyễn Văn 84', 'user84@example.com', 1, TO_TIMESTAMP('2025-07-24 20:37:28', 'YYYY-MM-DD HH24:MI:SS'));
INSERT INTO "user_roles" ("user_id", "role_id", "assigned_at") VALUES ('6d34e3ae-7d05-487d-a408-6f20b2c35f95', 3, TO_TIMESTAMP('2025-08-02 20:37:28', 'YYYY-MM-DD HH24:MI:SS'));
INSERT INTO "users" ("user_id", "username", "password_hash", "full_name", "email", "is_active", "created_at") VALUES ('1f6f5278-44e4-437e-ad4d-52ee78074776', 'user_85', 'hashed_password_123', 'Nguyễn Văn 85', 'user85@example.com', 1, TO_TIMESTAMP('2025-11-30 20:37:28', 'YYYY-MM-DD HH24:MI:SS'));
INSERT INTO "user_roles" ("user_id", "role_id", "assigned_at") VALUES ('1f6f5278-44e4-437e-ad4d-52ee78074776', 2, TO_TIMESTAMP('2025-12-04 20:37:28', 'YYYY-MM-DD HH24:MI:SS'));
INSERT INTO "users" ("user_id", "username", "password_hash", "full_name", "email", "is_active", "created_at") VALUES ('1caa6d6d-8f59-4056-9518-ecc09064e025', 'user_86', 'hashed_password_123', 'Nguyễn Văn 86', 'user86@example.com', 1, TO_TIMESTAMP('2025-06-22 20:37:28', 'YYYY-MM-DD HH24:MI:SS'));
INSERT INTO "user_roles" ("user_id", "role_id", "assigned_at") VALUES ('1caa6d6d-8f59-4056-9518-ecc09064e025', 3, TO_TIMESTAMP('2025-06-23 20:37:28', 'YYYY-MM-DD HH24:MI:SS'));
INSERT INTO "users" ("user_id", "username", "password_hash", "full_name", "email", "is_active", "created_at") VALUES ('6e43a52b-92d2-4888-bdbf-868e1ff90616', 'user_87', 'hashed_password_123', 'Nguyễn Văn 87', 'user87@example.com', 1, TO_TIMESTAMP('2025-06-07 20:37:28', 'YYYY-MM-DD HH24:MI:SS'));
INSERT INTO "user_roles" ("user_id", "role_id", "assigned_at") VALUES ('6e43a52b-92d2-4888-bdbf-868e1ff90616', 2, TO_TIMESTAMP('2025-06-11 20:37:28', 'YYYY-MM-DD HH24:MI:SS'));
INSERT INTO "users" ("user_id", "username", "password_hash", "full_name", "email", "is_active", "created_at") VALUES ('564e50ef-2976-443c-b931-9758df5b9b55', 'user_88', 'hashed_password_123', 'Nguyễn Văn 88', 'user88@example.com', 1, TO_TIMESTAMP('2026-01-20 20:37:28', 'YYYY-MM-DD HH24:MI:SS'));
INSERT INTO "user_roles" ("user_id", "role_id", "assigned_at") VALUES ('564e50ef-2976-443c-b931-9758df5b9b55', 2, TO_TIMESTAMP('2026-01-29 20:37:28', 'YYYY-MM-DD HH24:MI:SS'));
INSERT INTO "users" ("user_id", "username", "password_hash", "full_name", "email", "is_active", "created_at") VALUES ('313ec38f-3eda-47fc-8001-74e25066506e', 'user_89', 'hashed_password_123', 'Nguyễn Văn 89', 'user89@example.com', 1, TO_TIMESTAMP('2025-07-14 20:37:28', 'YYYY-MM-DD HH24:MI:SS'));
INSERT INTO "user_roles" ("user_id", "role_id", "assigned_at") VALUES ('313ec38f-3eda-47fc-8001-74e25066506e', 3, TO_TIMESTAMP('2025-07-23 20:37:28', 'YYYY-MM-DD HH24:MI:SS'));
INSERT INTO "users" ("user_id", "username", "password_hash", "full_name", "email", "is_active", "created_at") VALUES ('3e91d9f5-caf1-4c94-b4d2-390dc452fc05', 'user_90', 'hashed_password_123', 'Nguyễn Văn 90', 'user90@example.com', 1, TO_TIMESTAMP('2025-05-23 20:37:28', 'YYYY-MM-DD HH24:MI:SS'));
INSERT INTO "user_roles" ("user_id", "role_id", "assigned_at") VALUES ('3e91d9f5-caf1-4c94-b4d2-390dc452fc05', 3, TO_TIMESTAMP('2025-05-31 20:37:28', 'YYYY-MM-DD HH24:MI:SS'));
INSERT INTO "users" ("user_id", "username", "password_hash", "full_name", "email", "is_active", "created_at") VALUES ('249cb415-d6db-4b33-884a-03adfdcee6ee', 'user_91', 'hashed_password_123', 'Nguyễn Văn 91', 'user91@example.com', 1, TO_TIMESTAMP('2025-08-25 20:37:28', 'YYYY-MM-DD HH24:MI:SS'));
INSERT INTO "user_roles" ("user_id", "role_id", "assigned_at") VALUES ('249cb415-d6db-4b33-884a-03adfdcee6ee', 3, TO_TIMESTAMP('2025-08-29 20:37:28', 'YYYY-MM-DD HH24:MI:SS'));
INSERT INTO "users" ("user_id", "username", "password_hash", "full_name", "email", "is_active", "created_at") VALUES ('4c487e4b-c02e-463f-83d4-bcc430385f99', 'user_92', 'hashed_password_123', 'Nguyễn Văn 92', 'user92@example.com', 1, TO_TIMESTAMP('2025-06-01 20:37:28', 'YYYY-MM-DD HH24:MI:SS'));
INSERT INTO "user_roles" ("user_id", "role_id", "assigned_at") VALUES ('4c487e4b-c02e-463f-83d4-bcc430385f99', 3, TO_TIMESTAMP('2025-06-03 20:37:28', 'YYYY-MM-DD HH24:MI:SS'));
INSERT INTO "users" ("user_id", "username", "password_hash", "full_name", "email", "is_active", "created_at") VALUES ('5b1786b6-aa95-4af7-9107-0b10cf1df1f0', 'user_93', 'hashed_password_123', 'Nguyễn Văn 93', 'user93@example.com', 1, TO_TIMESTAMP('2025-11-29 20:37:28', 'YYYY-MM-DD HH24:MI:SS'));
INSERT INTO "user_roles" ("user_id", "role_id", "assigned_at") VALUES ('5b1786b6-aa95-4af7-9107-0b10cf1df1f0', 1, TO_TIMESTAMP('2025-12-02 20:37:28', 'YYYY-MM-DD HH24:MI:SS'));
INSERT INTO "users" ("user_id", "username", "password_hash", "full_name", "email", "is_active", "created_at") VALUES ('98bd15e1-b1d0-464b-8e88-2ef59b4436bb', 'user_94', 'hashed_password_123', 'Nguyễn Văn 94', 'user94@example.com', 1, TO_TIMESTAMP('2025-09-07 20:37:28', 'YYYY-MM-DD HH24:MI:SS'));
INSERT INTO "user_roles" ("user_id", "role_id", "assigned_at") VALUES ('98bd15e1-b1d0-464b-8e88-2ef59b4436bb', 3, TO_TIMESTAMP('2025-09-11 20:37:28', 'YYYY-MM-DD HH24:MI:SS'));
INSERT INTO "users" ("user_id", "username", "password_hash", "full_name", "email", "is_active", "created_at") VALUES ('5917a435-92c0-48c9-b801-c8b4c595d168', 'user_95', 'hashed_password_123', 'Nguyễn Văn 95', 'user95@example.com', 1, TO_TIMESTAMP('2026-04-01 20:37:28', 'YYYY-MM-DD HH24:MI:SS'));
INSERT INTO "user_roles" ("user_id", "role_id", "assigned_at") VALUES ('5917a435-92c0-48c9-b801-c8b4c595d168', 2, TO_TIMESTAMP('2026-04-05 20:37:28', 'YYYY-MM-DD HH24:MI:SS'));
INSERT INTO "users" ("user_id", "username", "password_hash", "full_name", "email", "is_active", "created_at") VALUES ('54504c1c-9704-405b-b9cc-da43b81ddbf4', 'user_96', 'hashed_password_123', 'Nguyễn Văn 96', 'user96@example.com', 1, TO_TIMESTAMP('2026-03-03 20:37:28', 'YYYY-MM-DD HH24:MI:SS'));
INSERT INTO "user_roles" ("user_id", "role_id", "assigned_at") VALUES ('54504c1c-9704-405b-b9cc-da43b81ddbf4', 1, TO_TIMESTAMP('2026-03-04 20:37:28', 'YYYY-MM-DD HH24:MI:SS'));
INSERT INTO "users" ("user_id", "username", "password_hash", "full_name", "email", "is_active", "created_at") VALUES ('ff8286e8-8f5f-4645-bcec-8c1f7b3f63fa', 'user_97', 'hashed_password_123', 'Nguyễn Văn 97', 'user97@example.com', 1, TO_TIMESTAMP('2025-09-22 20:37:28', 'YYYY-MM-DD HH24:MI:SS'));
INSERT INTO "user_roles" ("user_id", "role_id", "assigned_at") VALUES ('ff8286e8-8f5f-4645-bcec-8c1f7b3f63fa', 2, TO_TIMESTAMP('2025-09-23 20:37:28', 'YYYY-MM-DD HH24:MI:SS'));
INSERT INTO "users" ("user_id", "username", "password_hash", "full_name", "email", "is_active", "created_at") VALUES ('e75bb41a-64e3-4ca3-b475-d222089769c0', 'user_98', 'hashed_password_123', 'Nguyễn Văn 98', 'user98@example.com', 1, TO_TIMESTAMP('2025-09-12 20:37:28', 'YYYY-MM-DD HH24:MI:SS'));
INSERT INTO "user_roles" ("user_id", "role_id", "assigned_at") VALUES ('e75bb41a-64e3-4ca3-b475-d222089769c0', 3, TO_TIMESTAMP('2025-09-13 20:37:28', 'YYYY-MM-DD HH24:MI:SS'));
INSERT INTO "users" ("user_id", "username", "password_hash", "full_name", "email", "is_active", "created_at") VALUES ('622647c8-4132-4565-9955-339f703aa485', 'user_99', 'hashed_password_123', 'Nguyễn Văn 99', 'user99@example.com', 1, TO_TIMESTAMP('2026-01-15 20:37:28', 'YYYY-MM-DD HH24:MI:SS'));
INSERT INTO "user_roles" ("user_id", "role_id", "assigned_at") VALUES ('622647c8-4132-4565-9955-339f703aa485', 1, TO_TIMESTAMP('2026-01-22 20:37:28', 'YYYY-MM-DD HH24:MI:SS'));
INSERT INTO "users" ("user_id", "username", "password_hash", "full_name", "email", "is_active", "created_at") VALUES ('70b80ec1-77cc-4b6e-87b5-d84cb02117de', 'user_100', 'hashed_password_123', 'Nguyễn Văn 100', 'user100@example.com', 1, TO_TIMESTAMP('2025-07-08 20:37:28', 'YYYY-MM-DD HH24:MI:SS'));
INSERT INTO "user_roles" ("user_id", "role_id", "assigned_at") VALUES ('70b80ec1-77cc-4b6e-87b5-d84cb02117de', 3, TO_TIMESTAMP('2025-07-13 20:37:28', 'YYYY-MM-DD HH24:MI:SS'));

INSERT INTO "channels" ("channel_id", "channel_code", "channel_name") VALUES (1, 'WEB', 'Web Portal');
INSERT INTO "channels" ("channel_id", "channel_code", "channel_name") VALUES (2, 'MOBILE', 'Mobile App');
INSERT INTO "channels" ("channel_id", "channel_code", "channel_name") VALUES (3, 'POS', 'Point of Sale');

INSERT INTO "customers" ("customer_id", "customer_code", "kyc_status", "full_name", "identity_card", "address", "income_level", "created_at", "gender", "latitude", "longitude") VALUES ('6805af63-5e6c-4fa7-bcc6-960cdaee6036', 'CUST00001', 'PENDING', 'Khách hàng 1', '001022708426', 'Hồ Chí Minh', 'LOW', TO_TIMESTAMP('2025-10-03 20:37:28', 'YYYY-MM-DD HH24:MI:SS'), 'MALE', 15.833116, 103.043019);
INSERT INTO "customers" ("customer_id", "customer_code", "kyc_status", "full_name", "identity_card", "address", "income_level", "created_at", "gender", "latitude", "longitude") VALUES ('ed6bac80-e8b2-4d60-9d01-dea9063f4be7', 'CUST00002', 'REJECTED', 'Khách hàng 2', '001082588034', 'Hồ Chí Minh', 'LOW', TO_TIMESTAMP('2025-06-19 20:37:28', 'YYYY-MM-DD HH24:MI:SS'), 'FEMALE', 12.065684, 104.992873);
INSERT INTO "customers" ("customer_id", "customer_code", "kyc_status", "full_name", "identity_card", "address", "income_level", "created_at", "gender", "latitude", "longitude") VALUES ('4dd00a72-2010-4803-9c88-46ab6e132cb8', 'CUST00003', 'PENDING', 'Khách hàng 3', '001068784201', 'Hà Nội', 'MEDIUM', TO_TIMESTAMP('2026-01-02 20:37:28', 'YYYY-MM-DD HH24:MI:SS'), 'MALE', 8.628151, 106.062175);
INSERT INTO "customers" ("customer_id", "customer_code", "kyc_status", "full_name", "identity_card", "address", "income_level", "created_at", "gender", "latitude", "longitude") VALUES ('620a5907-9962-495a-8481-12fe9ba17d7d', 'CUST00004', 'VERIFIED', 'Khách hàng 4', '001049208338', 'Hà Nội', 'LOW', TO_TIMESTAMP('2025-09-09 20:37:28', 'YYYY-MM-DD HH24:MI:SS'), 'MALE', 10.170686, 102.4961);
INSERT INTO "customers" ("customer_id", "customer_code", "kyc_status", "full_name", "identity_card", "address", "income_level", "created_at", "gender", "latitude", "longitude") VALUES ('7599613f-20b9-4298-ad05-80c8c5eebcd8', 'CUST00005', 'REJECTED', 'Khách hàng 5', '001099798368', 'Hà Nội', 'MEDIUM', TO_TIMESTAMP('2026-02-08 20:37:28', 'YYYY-MM-DD HH24:MI:SS'), 'MALE', 13.174379, 105.007946);
INSERT INTO "customers" ("customer_id", "customer_code", "kyc_status", "full_name", "identity_card", "address", "income_level", "created_at", "gender", "latitude", "longitude") VALUES ('39392d3c-2b70-4b82-93ab-7c3fe3a4152d', 'CUST00006', 'REJECTED', 'Khách hàng 6', '001023771426', 'Hồ Chí Minh', 'MEDIUM', TO_TIMESTAMP('2025-04-13 20:37:28', 'YYYY-MM-DD HH24:MI:SS'), 'MALE', 18.460865, 102.546891);
INSERT INTO "customers" ("customer_id", "customer_code", "kyc_status", "full_name", "identity_card", "address", "income_level", "created_at", "gender", "latitude", "longitude") VALUES ('32dea477-3662-49ae-b22b-fe2ccb2f5536', 'CUST00007', 'REJECTED', 'Khách hàng 7', '001040329441', 'Hồ Chí Minh', 'MEDIUM', TO_TIMESTAMP('2025-08-23 20:37:28', 'YYYY-MM-DD HH24:MI:SS'), 'FEMALE', 11.610041, 103.999706);
INSERT INTO "customers" ("customer_id", "customer_code", "kyc_status", "full_name", "identity_card", "address", "income_level", "created_at", "gender", "latitude", "longitude") VALUES ('fcf8175f-8df1-4150-aaf0-340faa38acc0', 'CUST00008', 'VERIFIED', 'Khách hàng 8', '001078499381', 'Hà Nội', 'MEDIUM', TO_TIMESTAMP('2025-06-25 20:37:28', 'YYYY-MM-DD HH24:MI:SS'), 'MALE', 8.737242, 108.739543);
INSERT INTO "customers" ("customer_id", "customer_code", "kyc_status", "full_name", "identity_card", "address", "income_level", "created_at", "gender", "latitude", "longitude") VALUES ('2e2cf002-96d4-44e2-9451-58ff7a06c4c6', 'CUST00009', 'VERIFIED', 'Khách hàng 9', '001081355027', 'Hà Nội', 'LOW', TO_TIMESTAMP('2025-10-09 20:37:28', 'YYYY-MM-DD HH24:MI:SS'), 'MALE', 20.008021, 103.880504);
INSERT INTO "customers" ("customer_id", "customer_code", "kyc_status", "full_name", "identity_card", "address", "income_level", "created_at", "gender", "latitude", "longitude") VALUES ('9611a284-4d5c-46f1-9576-a18006e7c38e', 'CUST00010', 'VERIFIED', 'Khách hàng 10', '001050261383', 'Đà Nẵng', 'MEDIUM', TO_TIMESTAMP('2025-12-05 20:37:28', 'YYYY-MM-DD HH24:MI:SS'), 'FEMALE', 10.925832, 102.852465);
INSERT INTO "customers" ("customer_id", "customer_code", "kyc_status", "full_name", "identity_card", "address", "income_level", "created_at", "gender", "latitude", "longitude") VALUES ('e0f2ff91-e175-46b8-8a83-b17a58bf3228', 'CUST00011', 'REJECTED', 'Khách hàng 11', '001038814894', 'Hồ Chí Minh', 'HIGH', TO_TIMESTAMP('2025-11-26 20:37:28', 'YYYY-MM-DD HH24:MI:SS'), 'MALE', 16.44136, 105.446656);
INSERT INTO "customers" ("customer_id", "customer_code", "kyc_status", "full_name", "identity_card", "address", "income_level", "created_at", "gender", "latitude", "longitude") VALUES ('d8695e32-75ce-435d-bdd6-8f11747d0dde', 'CUST00012', 'REJECTED', 'Khách hàng 12', '001078814578', 'Đà Nẵng', 'HIGH', TO_TIMESTAMP('2025-06-13 20:37:28', 'YYYY-MM-DD HH24:MI:SS'), 'MALE', 19.187464, 108.280672);
INSERT INTO "customers" ("customer_id", "customer_code", "kyc_status", "full_name", "identity_card", "address", "income_level", "created_at", "gender", "latitude", "longitude") VALUES ('aef75744-7919-4a73-836b-6383f2e9a151', 'CUST00013', 'REJECTED', 'Khách hàng 13', '001029975322', 'Hồ Chí Minh', 'MEDIUM', TO_TIMESTAMP('2025-08-19 20:37:28', 'YYYY-MM-DD HH24:MI:SS'), 'FEMALE', 14.811816, 105.681896);
INSERT INTO "customers" ("customer_id", "customer_code", "kyc_status", "full_name", "identity_card", "address", "income_level", "created_at", "gender", "latitude", "longitude") VALUES ('ab5c69f9-28d2-4707-9b88-9d1a1e14a657', 'CUST00014', 'REJECTED', 'Khách hàng 14', '001041582374', 'Đà Nẵng', 'MEDIUM', TO_TIMESTAMP('2025-12-26 20:37:28', 'YYYY-MM-DD HH24:MI:SS'), 'FEMALE', 12.003771, 103.653524);
INSERT INTO "customers" ("customer_id", "customer_code", "kyc_status", "full_name", "identity_card", "address", "income_level", "created_at", "gender", "latitude", "longitude") VALUES ('cb4a53ad-2d25-41af-9944-b8c542da27e7', 'CUST00015', 'PENDING', 'Khách hàng 15', '001074832579', 'Hồ Chí Minh', 'LOW', TO_TIMESTAMP('2025-11-03 20:37:28', 'YYYY-MM-DD HH24:MI:SS'), 'FEMALE', 8.585892, 107.620294);
INSERT INTO "customers" ("customer_id", "customer_code", "kyc_status", "full_name", "identity_card", "address", "income_level", "created_at", "gender", "latitude", "longitude") VALUES ('e06cab29-ec4a-45ac-8679-aee01d7ae347', 'CUST00016', 'VERIFIED', 'Khách hàng 16', '001081740910', 'Đà Nẵng', 'MEDIUM', TO_TIMESTAMP('2025-09-06 20:37:28', 'YYYY-MM-DD HH24:MI:SS'), 'MALE', 20.369875, 107.409824);
INSERT INTO "customers" ("customer_id", "customer_code", "kyc_status", "full_name", "identity_card", "address", "income_level", "created_at", "gender", "latitude", "longitude") VALUES ('252e60f9-931e-4906-abc3-f310a66898c9', 'CUST00017', 'PENDING', 'Khách hàng 17', '001013633883', 'Hồ Chí Minh', 'MEDIUM', TO_TIMESTAMP('2025-06-10 20:37:28', 'YYYY-MM-DD HH24:MI:SS'), 'FEMALE', 13.973872, 106.982258);
INSERT INTO "customers" ("customer_id", "customer_code", "kyc_status", "full_name", "identity_card", "address", "income_level", "created_at", "gender", "latitude", "longitude") VALUES ('de0f18ce-fa8f-4a62-a330-ec233259fa46', 'CUST00018', 'PENDING', 'Khách hàng 18', '001075434633', 'Đà Nẵng', 'MEDIUM', TO_TIMESTAMP('2025-10-09 20:37:28', 'YYYY-MM-DD HH24:MI:SS'), 'MALE', 13.155553, 105.296007);
INSERT INTO "customers" ("customer_id", "customer_code", "kyc_status", "full_name", "identity_card", "address", "income_level", "created_at", "gender", "latitude", "longitude") VALUES ('c3fc6984-a723-4c77-bac9-a9cf58a8f533', 'CUST00019', 'REJECTED', 'Khách hàng 19', '001075331182', 'Hà Nội', 'MEDIUM', TO_TIMESTAMP('2026-01-09 20:37:28', 'YYYY-MM-DD HH24:MI:SS'), 'MALE', 17.14387, 104.820641);
INSERT INTO "customers" ("customer_id", "customer_code", "kyc_status", "full_name", "identity_card", "address", "income_level", "created_at", "gender", "latitude", "longitude") VALUES ('4ac8a937-362b-4d90-86e2-2624c325a8c4', 'CUST00020', 'VERIFIED', 'Khách hàng 20', '001036635308', 'Hồ Chí Minh', 'HIGH', TO_TIMESTAMP('2025-11-10 20:37:28', 'YYYY-MM-DD HH24:MI:SS'), 'MALE', 21.449659, 104.334157);
INSERT INTO "customers" ("customer_id", "customer_code", "kyc_status", "full_name", "identity_card", "address", "income_level", "created_at", "gender", "latitude", "longitude") VALUES ('cdae3057-a3eb-4d34-83f1-b31e81b861a4', 'CUST00021', 'PENDING', 'Khách hàng 21', '001038379726', 'Hồ Chí Minh', 'MEDIUM', TO_TIMESTAMP('2025-05-12 20:37:28', 'YYYY-MM-DD HH24:MI:SS'), 'FEMALE', 18.65446, 102.352782);
INSERT INTO "customers" ("customer_id", "customer_code", "kyc_status", "full_name", "identity_card", "address", "income_level", "created_at", "gender", "latitude", "longitude") VALUES ('4f7efedb-fa71-496e-a3ad-3f77a58de9c1', 'CUST00022', 'PENDING', 'Khách hàng 22', '001012888916', 'Hà Nội', 'MEDIUM', TO_TIMESTAMP('2026-03-07 20:37:28', 'YYYY-MM-DD HH24:MI:SS'), 'MALE', 8.061835, 102.87006);
INSERT INTO "customers" ("customer_id", "customer_code", "kyc_status", "full_name", "identity_card", "address", "income_level", "created_at", "gender", "latitude", "longitude") VALUES ('4012b16e-c731-4048-bcfe-bcf02ea8da40', 'CUST00023', 'REJECTED', 'Khách hàng 23', '001031985463', 'Đà Nẵng', 'MEDIUM', TO_TIMESTAMP('2025-08-21 20:37:28', 'YYYY-MM-DD HH24:MI:SS'), 'FEMALE', 8.288738, 106.705509);
INSERT INTO "customers" ("customer_id", "customer_code", "kyc_status", "full_name", "identity_card", "address", "income_level", "created_at", "gender", "latitude", "longitude") VALUES ('618dd052-6a38-4bc9-b644-2274da05bc6c', 'CUST00024', 'REJECTED', 'Khách hàng 24', '001014909607', 'Hà Nội', 'HIGH', TO_TIMESTAMP('2025-08-25 20:37:28', 'YYYY-MM-DD HH24:MI:SS'), 'FEMALE', 9.219804, 107.961129);
INSERT INTO "customers" ("customer_id", "customer_code", "kyc_status", "full_name", "identity_card", "address", "income_level", "created_at", "gender", "latitude", "longitude") VALUES ('89e4ce6b-5709-45cf-887b-0e313e881a33', 'CUST00025', 'VERIFIED', 'Khách hàng 25', '001059907790', 'Hồ Chí Minh', 'LOW', TO_TIMESTAMP('2025-10-07 20:37:28', 'YYYY-MM-DD HH24:MI:SS'), 'FEMALE', 14.418917, 103.505009);
INSERT INTO "customers" ("customer_id", "customer_code", "kyc_status", "full_name", "identity_card", "address", "income_level", "created_at", "gender", "latitude", "longitude") VALUES ('c38e1eb1-b9cf-4e8a-bc81-75937c3cce0f', 'CUST00026', 'PENDING', 'Khách hàng 26', '001033119335', 'Hà Nội', 'LOW', TO_TIMESTAMP('2025-10-18 20:37:28', 'YYYY-MM-DD HH24:MI:SS'), 'FEMALE', 13.654919, 103.57381);
INSERT INTO "customers" ("customer_id", "customer_code", "kyc_status", "full_name", "identity_card", "address", "income_level", "created_at", "gender", "latitude", "longitude") VALUES ('6810b066-27e9-4e63-a770-68457ce3740b', 'CUST00027', 'PENDING', 'Khách hàng 27', '001046882095', 'Hà Nội', 'MEDIUM', TO_TIMESTAMP('2025-09-16 20:37:28', 'YYYY-MM-DD HH24:MI:SS'), 'FEMALE', 22.890374, 103.115504);
INSERT INTO "customers" ("customer_id", "customer_code", "kyc_status", "full_name", "identity_card", "address", "income_level", "created_at", "gender", "latitude", "longitude") VALUES ('6db7598d-85de-421b-80df-4db2c2ead318', 'CUST00028', 'VERIFIED', 'Khách hàng 28', '001094042688', 'Hà Nội', 'LOW', TO_TIMESTAMP('2026-02-20 20:37:28', 'YYYY-MM-DD HH24:MI:SS'), 'MALE', 12.840868, 105.763252);
INSERT INTO "customers" ("customer_id", "customer_code", "kyc_status", "full_name", "identity_card", "address", "income_level", "created_at", "gender", "latitude", "longitude") VALUES ('c9aa9af5-ef87-4cc8-b27f-bd36b684fdb2', 'CUST00029', 'PENDING', 'Khách hàng 29', '001036842272', 'Hà Nội', 'LOW', TO_TIMESTAMP('2025-10-01 20:37:28', 'YYYY-MM-DD HH24:MI:SS'), 'MALE', 13.691067, 102.545971);
INSERT INTO "customers" ("customer_id", "customer_code", "kyc_status", "full_name", "identity_card", "address", "income_level", "created_at", "gender", "latitude", "longitude") VALUES ('e6297f22-ca8d-4d72-8282-813c10c55b0f', 'CUST00030', 'VERIFIED', 'Khách hàng 30', '001033459483', 'Đà Nẵng', 'MEDIUM', TO_TIMESTAMP('2025-07-29 20:37:28', 'YYYY-MM-DD HH24:MI:SS'), 'FEMALE', 19.971887, 103.143253);
INSERT INTO "customers" ("customer_id", "customer_code", "kyc_status", "full_name", "identity_card", "address", "income_level", "created_at", "gender", "latitude", "longitude") VALUES ('862dfdc8-0ffa-4e70-9d64-709514970f4c', 'CUST00031', 'VERIFIED', 'Khách hàng 31', '001079565154', 'Hồ Chí Minh', 'LOW', TO_TIMESTAMP('2025-06-11 20:37:28', 'YYYY-MM-DD HH24:MI:SS'), 'FEMALE', 16.465862, 107.732046);
INSERT INTO "customers" ("customer_id", "customer_code", "kyc_status", "full_name", "identity_card", "address", "income_level", "created_at", "gender", "latitude", "longitude") VALUES ('73eb5b67-7b99-43a9-839b-ae7f9495ada5', 'CUST00032', 'VERIFIED', 'Khách hàng 32', '001030448416', 'Hà Nội', 'MEDIUM', TO_TIMESTAMP('2025-07-10 20:37:28', 'YYYY-MM-DD HH24:MI:SS'), 'FEMALE', 21.4943, 102.940171);
INSERT INTO "customers" ("customer_id", "customer_code", "kyc_status", "full_name", "identity_card", "address", "income_level", "created_at", "gender", "latitude", "longitude") VALUES ('a3aca8a3-d23c-4f30-9caa-c2369a0be26c', 'CUST00033', 'REJECTED', 'Khách hàng 33', '001069684209', 'Hồ Chí Minh', 'HIGH', TO_TIMESTAMP('2025-07-17 20:37:28', 'YYYY-MM-DD HH24:MI:SS'), 'FEMALE', 18.160544, 102.416761);
INSERT INTO "customers" ("customer_id", "customer_code", "kyc_status", "full_name", "identity_card", "address", "income_level", "created_at", "gender", "latitude", "longitude") VALUES ('b580399f-4369-4a7a-81a1-b5e7ab012994', 'CUST00034', 'REJECTED', 'Khách hàng 34', '001066267443', 'Đà Nẵng', 'MEDIUM', TO_TIMESTAMP('2026-01-21 20:37:28', 'YYYY-MM-DD HH24:MI:SS'), 'MALE', 17.143341, 104.38036);
INSERT INTO "customers" ("customer_id", "customer_code", "kyc_status", "full_name", "identity_card", "address", "income_level", "created_at", "gender", "latitude", "longitude") VALUES ('ca2163dc-40b2-4992-a125-83e7946d5718', 'CUST00035', 'PENDING', 'Khách hàng 35', '001049682210', 'Đà Nẵng', 'HIGH', TO_TIMESTAMP('2025-05-27 20:37:28', 'YYYY-MM-DD HH24:MI:SS'), 'MALE', 14.461536, 102.060275);
INSERT INTO "customers" ("customer_id", "customer_code", "kyc_status", "full_name", "identity_card", "address", "income_level", "created_at", "gender", "latitude", "longitude") VALUES ('0d794eae-925d-4eac-b7c4-fb5a3a51491d', 'CUST00036', 'REJECTED', 'Khách hàng 36', '001097675163', 'Hà Nội', 'HIGH', TO_TIMESTAMP('2025-10-24 20:37:28', 'YYYY-MM-DD HH24:MI:SS'), 'MALE', 18.773737, 102.470396);
INSERT INTO "customers" ("customer_id", "customer_code", "kyc_status", "full_name", "identity_card", "address", "income_level", "created_at", "gender", "latitude", "longitude") VALUES ('4b9af179-15f0-4491-89ba-53eb792f90f4', 'CUST00037', 'VERIFIED', 'Khách hàng 37', '001021854720', 'Hà Nội', 'HIGH', TO_TIMESTAMP('2026-03-20 20:37:28', 'YYYY-MM-DD HH24:MI:SS'), 'FEMALE', 15.406741, 107.761586);
INSERT INTO "customers" ("customer_id", "customer_code", "kyc_status", "full_name", "identity_card", "address", "income_level", "created_at", "gender", "latitude", "longitude") VALUES ('1235ebe0-bc36-452e-84e3-c6a03642c2f8', 'CUST00038', 'REJECTED', 'Khách hàng 38', '001076013184', 'Hồ Chí Minh', 'LOW', TO_TIMESTAMP('2025-11-05 20:37:28', 'YYYY-MM-DD HH24:MI:SS'), 'MALE', 12.236978, 106.291894);
INSERT INTO "customers" ("customer_id", "customer_code", "kyc_status", "full_name", "identity_card", "address", "income_level", "created_at", "gender", "latitude", "longitude") VALUES ('2022b0ca-ab47-48de-9d3c-ab982fa0fdd7', 'CUST00039', 'VERIFIED', 'Khách hàng 39', '001089437072', 'Hồ Chí Minh', 'MEDIUM', TO_TIMESTAMP('2025-07-26 20:37:28', 'YYYY-MM-DD HH24:MI:SS'), 'FEMALE', 19.98664, 102.165527);
INSERT INTO "customers" ("customer_id", "customer_code", "kyc_status", "full_name", "identity_card", "address", "income_level", "created_at", "gender", "latitude", "longitude") VALUES ('1e33aa0a-6897-4040-b59a-62f9f9d8373a', 'CUST00040', 'PENDING', 'Khách hàng 40', '001097465847', 'Đà Nẵng', 'LOW', TO_TIMESTAMP('2026-01-03 20:37:28', 'YYYY-MM-DD HH24:MI:SS'), 'FEMALE', 13.813516, 102.968552);
INSERT INTO "customers" ("customer_id", "customer_code", "kyc_status", "full_name", "identity_card", "address", "income_level", "created_at", "gender", "latitude", "longitude") VALUES ('2f6793bc-8671-402d-bd9a-feca3d6e7f39', 'CUST00041', 'PENDING', 'Khách hàng 41', '001046948026', 'Hồ Chí Minh', 'MEDIUM', TO_TIMESTAMP('2025-05-13 20:37:28', 'YYYY-MM-DD HH24:MI:SS'), 'MALE', 14.244361, 102.497859);
INSERT INTO "customers" ("customer_id", "customer_code", "kyc_status", "full_name", "identity_card", "address", "income_level", "created_at", "gender", "latitude", "longitude") VALUES ('f66d9fea-d261-4b1a-a1c5-95a73ccfc1da', 'CUST00042', 'REJECTED', 'Khách hàng 42', '001024482487', 'Hồ Chí Minh', 'HIGH', TO_TIMESTAMP('2026-01-23 20:37:28', 'YYYY-MM-DD HH24:MI:SS'), 'MALE', 20.4372, 108.032975);
INSERT INTO "customers" ("customer_id", "customer_code", "kyc_status", "full_name", "identity_card", "address", "income_level", "created_at", "gender", "latitude", "longitude") VALUES ('d3c1c663-3627-4e06-b246-cbc2ebfb732f', 'CUST00043', 'REJECTED', 'Khách hàng 43', '001034081202', 'Hà Nội', 'LOW', TO_TIMESTAMP('2026-03-19 20:37:28', 'YYYY-MM-DD HH24:MI:SS'), 'FEMALE', 14.554637, 103.801098);
INSERT INTO "customers" ("customer_id", "customer_code", "kyc_status", "full_name", "identity_card", "address", "income_level", "created_at", "gender", "latitude", "longitude") VALUES ('4a48ecef-064e-461b-8b24-94dd3a5398de', 'CUST00044', 'VERIFIED', 'Khách hàng 44', '001085467459', 'Hồ Chí Minh', 'MEDIUM', TO_TIMESTAMP('2025-12-20 20:37:28', 'YYYY-MM-DD HH24:MI:SS'), 'FEMALE', 12.558902, 105.524487);
INSERT INTO "customers" ("customer_id", "customer_code", "kyc_status", "full_name", "identity_card", "address", "income_level", "created_at", "gender", "latitude", "longitude") VALUES ('4443944d-6ac9-4c15-8061-6780e15448ea', 'CUST00045', 'PENDING', 'Khách hàng 45', '001055383051', 'Hà Nội', 'MEDIUM', TO_TIMESTAMP('2025-10-29 20:37:28', 'YYYY-MM-DD HH24:MI:SS'), 'FEMALE', 9.543819, 106.847497);
INSERT INTO "customers" ("customer_id", "customer_code", "kyc_status", "full_name", "identity_card", "address", "income_level", "created_at", "gender", "latitude", "longitude") VALUES ('1cc2dc85-73bc-4cf2-a945-725c262972a4', 'CUST00046', 'VERIFIED', 'Khách hàng 46', '001084296783', 'Hồ Chí Minh', 'LOW', TO_TIMESTAMP('2025-12-04 20:37:28', 'YYYY-MM-DD HH24:MI:SS'), 'FEMALE', 15.572331, 108.042664);
INSERT INTO "customers" ("customer_id", "customer_code", "kyc_status", "full_name", "identity_card", "address", "income_level", "created_at", "gender", "latitude", "longitude") VALUES ('baf1ceea-97df-48df-ba04-3cb3b8abd79f', 'CUST00047', 'REJECTED', 'Khách hàng 47', '001041099785', 'Hồ Chí Minh', 'HIGH', TO_TIMESTAMP('2025-08-29 20:37:28', 'YYYY-MM-DD HH24:MI:SS'), 'FEMALE', 12.664712, 106.88711);
INSERT INTO "customers" ("customer_id", "customer_code", "kyc_status", "full_name", "identity_card", "address", "income_level", "created_at", "gender", "latitude", "longitude") VALUES ('f3fe5363-99d7-468d-b7f0-deaf3cbb1977', 'CUST00048', 'VERIFIED', 'Khách hàng 48', '001055882126', 'Hà Nội', 'LOW', TO_TIMESTAMP('2025-07-05 20:37:28', 'YYYY-MM-DD HH24:MI:SS'), 'FEMALE', 11.51908, 105.06891);
INSERT INTO "customers" ("customer_id", "customer_code", "kyc_status", "full_name", "identity_card", "address", "income_level", "created_at", "gender", "latitude", "longitude") VALUES ('f6a3de6f-5c63-46f9-9fc3-ee3519814ee2', 'CUST00049', 'REJECTED', 'Khách hàng 49', '001045985253', 'Hà Nội', 'MEDIUM', TO_TIMESTAMP('2026-03-12 20:37:28', 'YYYY-MM-DD HH24:MI:SS'), 'FEMALE', 9.944105, 105.739327);
INSERT INTO "customers" ("customer_id", "customer_code", "kyc_status", "full_name", "identity_card", "address", "income_level", "created_at", "gender", "latitude", "longitude") VALUES ('2e5bf2cc-4f4e-4487-ba9c-a95145ea9e29', 'CUST00050', 'PENDING', 'Khách hàng 50', '001021577773', 'Hà Nội', 'MEDIUM', TO_TIMESTAMP('2025-10-11 20:37:28', 'YYYY-MM-DD HH24:MI:SS'), 'MALE', 10.147633, 104.372048);
INSERT INTO "customers" ("customer_id", "customer_code", "kyc_status", "full_name", "identity_card", "address", "income_level", "created_at", "gender", "latitude", "longitude") VALUES ('2f6d6e7d-dacb-4fe1-8c41-8b33767f9c90', 'CUST00051', 'VERIFIED', 'Khách hàng 51', '001097305489', 'Hồ Chí Minh', 'MEDIUM', TO_TIMESTAMP('2025-06-07 20:37:28', 'YYYY-MM-DD HH24:MI:SS'), 'MALE', 17.565419, 106.734715);
INSERT INTO "customers" ("customer_id", "customer_code", "kyc_status", "full_name", "identity_card", "address", "income_level", "created_at", "gender", "latitude", "longitude") VALUES ('9430f975-0cfb-44f2-a0c1-5f2b179d31da', 'CUST00052', 'PENDING', 'Khách hàng 52', '001018968117', 'Đà Nẵng', 'MEDIUM', TO_TIMESTAMP('2025-08-13 20:37:28', 'YYYY-MM-DD HH24:MI:SS'), 'MALE', 14.741124, 102.165801);
INSERT INTO "customers" ("customer_id", "customer_code", "kyc_status", "full_name", "identity_card", "address", "income_level", "created_at", "gender", "latitude", "longitude") VALUES ('bf512570-083c-4d19-a091-3224464b121c', 'CUST00053', 'VERIFIED', 'Khách hàng 53', '001083847710', 'Hà Nội', 'LOW', TO_TIMESTAMP('2025-07-26 20:37:28', 'YYYY-MM-DD HH24:MI:SS'), 'FEMALE', 20.515182, 104.650142);
INSERT INTO "customers" ("customer_id", "customer_code", "kyc_status", "full_name", "identity_card", "address", "income_level", "created_at", "gender", "latitude", "longitude") VALUES ('240fc816-5e1b-4b04-8f78-844f62bef8c6', 'CUST00054', 'PENDING', 'Khách hàng 54', '001026285107', 'Đà Nẵng', 'LOW', TO_TIMESTAMP('2025-12-26 20:37:28', 'YYYY-MM-DD HH24:MI:SS'), 'FEMALE', 19.347874, 108.374403);
INSERT INTO "customers" ("customer_id", "customer_code", "kyc_status", "full_name", "identity_card", "address", "income_level", "created_at", "gender", "latitude", "longitude") VALUES ('3f60e66d-a91d-4c23-a96a-7a76d48800ee', 'CUST00055', 'PENDING', 'Khách hàng 55', '001028987419', 'Hà Nội', 'MEDIUM', TO_TIMESTAMP('2026-02-22 20:37:28', 'YYYY-MM-DD HH24:MI:SS'), 'MALE', 13.731373, 103.347729);
INSERT INTO "customers" ("customer_id", "customer_code", "kyc_status", "full_name", "identity_card", "address", "income_level", "created_at", "gender", "latitude", "longitude") VALUES ('ef8e450d-a2c1-400b-82d1-ce6c749ec094', 'CUST00056', 'VERIFIED', 'Khách hàng 56', '001083662570', 'Hà Nội', 'LOW', TO_TIMESTAMP('2025-04-27 20:37:28', 'YYYY-MM-DD HH24:MI:SS'), 'MALE', 17.243997, 103.075039);
INSERT INTO "customers" ("customer_id", "customer_code", "kyc_status", "full_name", "identity_card", "address", "income_level", "created_at", "gender", "latitude", "longitude") VALUES ('cf9044ce-f8e0-459b-b311-e24419a27b9f', 'CUST00057', 'PENDING', 'Khách hàng 57', '001015397996', 'Hồ Chí Minh', 'HIGH', TO_TIMESTAMP('2025-08-21 20:37:28', 'YYYY-MM-DD HH24:MI:SS'), 'MALE', 13.987845, 104.141634);
INSERT INTO "customers" ("customer_id", "customer_code", "kyc_status", "full_name", "identity_card", "address", "income_level", "created_at", "gender", "latitude", "longitude") VALUES ('cdd07d28-0156-4c6a-aa58-8ada6f26c9a9', 'CUST00058', 'PENDING', 'Khách hàng 58', '001073545200', 'Hà Nội', 'MEDIUM', TO_TIMESTAMP('2026-03-01 20:37:28', 'YYYY-MM-DD HH24:MI:SS'), 'MALE', 22.165257, 106.954631);
INSERT INTO "customers" ("customer_id", "customer_code", "kyc_status", "full_name", "identity_card", "address", "income_level", "created_at", "gender", "latitude", "longitude") VALUES ('e8e4aa71-a238-47dd-abe6-994d6a8ce7a2', 'CUST00059', 'REJECTED', 'Khách hàng 59', '001082478903', 'Hồ Chí Minh', 'MEDIUM', TO_TIMESTAMP('2025-04-15 20:37:28', 'YYYY-MM-DD HH24:MI:SS'), 'MALE', 22.110118, 102.485718);
INSERT INTO "customers" ("customer_id", "customer_code", "kyc_status", "full_name", "identity_card", "address", "income_level", "created_at", "gender", "latitude", "longitude") VALUES ('c9423828-6454-43a8-b570-7b1147de0348', 'CUST00060', 'PENDING', 'Khách hàng 60', '001018091629', 'Hà Nội', 'LOW', TO_TIMESTAMP('2026-03-18 20:37:28', 'YYYY-MM-DD HH24:MI:SS'), 'MALE', 11.893552, 107.102491);
INSERT INTO "customers" ("customer_id", "customer_code", "kyc_status", "full_name", "identity_card", "address", "income_level", "created_at", "gender", "latitude", "longitude") VALUES ('0418e70f-6202-4b16-8124-b706ae40072c', 'CUST00061', 'VERIFIED', 'Khách hàng 61', '001095565452', 'Đà Nẵng', 'HIGH', TO_TIMESTAMP('2025-07-31 20:37:28', 'YYYY-MM-DD HH24:MI:SS'), 'FEMALE', 14.335259, 104.382847);
INSERT INTO "customers" ("customer_id", "customer_code", "kyc_status", "full_name", "identity_card", "address", "income_level", "created_at", "gender", "latitude", "longitude") VALUES ('8c1f3e61-5be6-421f-8f4f-ba9294490bf0', 'CUST00062', 'REJECTED', 'Khách hàng 62', '001049498208', 'Hồ Chí Minh', 'MEDIUM', TO_TIMESTAMP('2026-03-22 20:37:28', 'YYYY-MM-DD HH24:MI:SS'), 'MALE', 9.983353, 103.421042);
INSERT INTO "customers" ("customer_id", "customer_code", "kyc_status", "full_name", "identity_card", "address", "income_level", "created_at", "gender", "latitude", "longitude") VALUES ('2137e3e6-e89f-42a4-917c-faca8e9aad08', 'CUST00063', 'REJECTED', 'Khách hàng 63', '001050746636', 'Hà Nội', 'MEDIUM', TO_TIMESTAMP('2025-12-06 20:37:28', 'YYYY-MM-DD HH24:MI:SS'), 'FEMALE', 13.067318, 106.653076);
INSERT INTO "customers" ("customer_id", "customer_code", "kyc_status", "full_name", "identity_card", "address", "income_level", "created_at", "gender", "latitude", "longitude") VALUES ('f41d436f-4462-4f6f-b059-167ba98f12a4', 'CUST00064', 'VERIFIED', 'Khách hàng 64', '001051807398', 'Đà Nẵng', 'MEDIUM', TO_TIMESTAMP('2025-05-31 20:37:28', 'YYYY-MM-DD HH24:MI:SS'), 'FEMALE', 13.630827, 103.827304);
INSERT INTO "customers" ("customer_id", "customer_code", "kyc_status", "full_name", "identity_card", "address", "income_level", "created_at", "gender", "latitude", "longitude") VALUES ('64382cd2-b8ee-42ba-8866-ce9ef4ef4748', 'CUST00065', 'REJECTED', 'Khách hàng 65', '001057133429', 'Đà Nẵng', 'MEDIUM', TO_TIMESTAMP('2025-05-29 20:37:28', 'YYYY-MM-DD HH24:MI:SS'), 'FEMALE', 22.583716, 107.706867);
INSERT INTO "customers" ("customer_id", "customer_code", "kyc_status", "full_name", "identity_card", "address", "income_level", "created_at", "gender", "latitude", "longitude") VALUES ('d7ffc046-59d6-48cc-9bd3-c21c4dec4821', 'CUST00066', 'VERIFIED', 'Khách hàng 66', '001074226382', 'Đà Nẵng', 'MEDIUM', TO_TIMESTAMP('2025-09-18 20:37:28', 'YYYY-MM-DD HH24:MI:SS'), 'MALE', 11.196397, 103.991393);
INSERT INTO "customers" ("customer_id", "customer_code", "kyc_status", "full_name", "identity_card", "address", "income_level", "created_at", "gender", "latitude", "longitude") VALUES ('fbd1fe45-58ad-4b47-984b-6f711c840287', 'CUST00067', 'PENDING', 'Khách hàng 67', '001085111984', 'Hồ Chí Minh', 'LOW', TO_TIMESTAMP('2025-12-05 20:37:28', 'YYYY-MM-DD HH24:MI:SS'), 'FEMALE', 21.832808, 106.490454);
INSERT INTO "customers" ("customer_id", "customer_code", "kyc_status", "full_name", "identity_card", "address", "income_level", "created_at", "gender", "latitude", "longitude") VALUES ('cabd33a7-6c05-4857-9016-f8e3d9fc8128', 'CUST00068', 'REJECTED', 'Khách hàng 68', '001093258776', 'Hồ Chí Minh', 'LOW', TO_TIMESTAMP('2025-09-24 20:37:28', 'YYYY-MM-DD HH24:MI:SS'), 'MALE', 9.470112, 108.916003);
INSERT INTO "customers" ("customer_id", "customer_code", "kyc_status", "full_name", "identity_card", "address", "income_level", "created_at", "gender", "latitude", "longitude") VALUES ('fcb6040d-41e0-4dc6-89ee-ff94de8c92a8', 'CUST00069', 'PENDING', 'Khách hàng 69', '001082237687', 'Đà Nẵng', 'HIGH', TO_TIMESTAMP('2025-09-17 20:37:28', 'YYYY-MM-DD HH24:MI:SS'), 'FEMALE', 9.555216, 104.658898);
INSERT INTO "customers" ("customer_id", "customer_code", "kyc_status", "full_name", "identity_card", "address", "income_level", "created_at", "gender", "latitude", "longitude") VALUES ('21034a52-566e-4089-b5d6-ce36a2244678', 'CUST00070', 'REJECTED', 'Khách hàng 70', '001051457776', 'Hà Nội', 'LOW', TO_TIMESTAMP('2025-07-22 20:37:28', 'YYYY-MM-DD HH24:MI:SS'), 'FEMALE', 8.730915, 105.305811);
INSERT INTO "customers" ("customer_id", "customer_code", "kyc_status", "full_name", "identity_card", "address", "income_level", "created_at", "gender", "latitude", "longitude") VALUES ('75a39ba1-d623-4330-896b-049633959d87', 'CUST00071', 'REJECTED', 'Khách hàng 71', '001040316242', 'Đà Nẵng', 'LOW', TO_TIMESTAMP('2025-09-12 20:37:28', 'YYYY-MM-DD HH24:MI:SS'), 'FEMALE', 10.767364, 105.670842);
INSERT INTO "customers" ("customer_id", "customer_code", "kyc_status", "full_name", "identity_card", "address", "income_level", "created_at", "gender", "latitude", "longitude") VALUES ('86a369af-f9de-4d2a-a5f4-82709dc26989', 'CUST00072', 'VERIFIED', 'Khách hàng 72', '001010359653', 'Đà Nẵng', 'LOW', TO_TIMESTAMP('2026-03-11 20:37:28', 'YYYY-MM-DD HH24:MI:SS'), 'FEMALE', 8.657291, 107.33062);
INSERT INTO "customers" ("customer_id", "customer_code", "kyc_status", "full_name", "identity_card", "address", "income_level", "created_at", "gender", "latitude", "longitude") VALUES ('e701cd9c-e1b1-413a-b516-d701f8864af7', 'CUST00073', 'PENDING', 'Khách hàng 73', '001082638770', 'Hà Nội', 'HIGH', TO_TIMESTAMP('2026-03-30 20:37:28', 'YYYY-MM-DD HH24:MI:SS'), 'FEMALE', 15.107206, 102.322374);
INSERT INTO "customers" ("customer_id", "customer_code", "kyc_status", "full_name", "identity_card", "address", "income_level", "created_at", "gender", "latitude", "longitude") VALUES ('922567c7-9799-43fd-a5a9-1816eb943950', 'CUST00074', 'PENDING', 'Khách hàng 74', '001021939565', 'Hồ Chí Minh', 'LOW', TO_TIMESTAMP('2025-11-13 20:37:28', 'YYYY-MM-DD HH24:MI:SS'), 'MALE', 16.691691, 106.148375);
INSERT INTO "customers" ("customer_id", "customer_code", "kyc_status", "full_name", "identity_card", "address", "income_level", "created_at", "gender", "latitude", "longitude") VALUES ('82d9fb72-74f1-4a19-9bb1-17bfe45d794d', 'CUST00075', 'PENDING', 'Khách hàng 75', '001013324765', 'Đà Nẵng', 'HIGH', TO_TIMESTAMP('2026-03-25 20:37:28', 'YYYY-MM-DD HH24:MI:SS'), 'MALE', 17.440644, 107.375105);
INSERT INTO "customers" ("customer_id", "customer_code", "kyc_status", "full_name", "identity_card", "address", "income_level", "created_at", "gender", "latitude", "longitude") VALUES ('4db69a0e-436f-4c7a-8807-50aa68523940', 'CUST00076', 'PENDING', 'Khách hàng 76', '001083535830', 'Hà Nội', 'LOW', TO_TIMESTAMP('2025-08-02 20:37:28', 'YYYY-MM-DD HH24:MI:SS'), 'MALE', 12.954587, 106.908879);
INSERT INTO "customers" ("customer_id", "customer_code", "kyc_status", "full_name", "identity_card", "address", "income_level", "created_at", "gender", "latitude", "longitude") VALUES ('7b557369-b3bc-4c23-90f0-c6b2a3ccf6bd', 'CUST00077', 'VERIFIED', 'Khách hàng 77', '001080276095', 'Hà Nội', 'LOW', TO_TIMESTAMP('2026-01-23 20:37:28', 'YYYY-MM-DD HH24:MI:SS'), 'FEMALE', 16.221428, 103.957107);
INSERT INTO "customers" ("customer_id", "customer_code", "kyc_status", "full_name", "identity_card", "address", "income_level", "created_at", "gender", "latitude", "longitude") VALUES ('653b08a1-c4f8-4b64-9a2e-779425392f42', 'CUST00078', 'PENDING', 'Khách hàng 78', '001094854013', 'Hồ Chí Minh', 'LOW', TO_TIMESTAMP('2025-10-25 20:37:28', 'YYYY-MM-DD HH24:MI:SS'), 'FEMALE', 17.145844, 106.451085);
INSERT INTO "customers" ("customer_id", "customer_code", "kyc_status", "full_name", "identity_card", "address", "income_level", "created_at", "gender", "latitude", "longitude") VALUES ('df82f765-9ebb-4f08-a0cd-0e11b6bb3a4d', 'CUST00079', 'PENDING', 'Khách hàng 79', '001096802517', 'Đà Nẵng', 'LOW', TO_TIMESTAMP('2025-05-30 20:37:28', 'YYYY-MM-DD HH24:MI:SS'), 'MALE', 12.57132, 108.077183);
INSERT INTO "customers" ("customer_id", "customer_code", "kyc_status", "full_name", "identity_card", "address", "income_level", "created_at", "gender", "latitude", "longitude") VALUES ('58a5ef88-977d-470a-8e69-a46776bf76c9', 'CUST00080', 'PENDING', 'Khách hàng 80', '001044274255', 'Hà Nội', 'MEDIUM', TO_TIMESTAMP('2025-10-07 20:37:28', 'YYYY-MM-DD HH24:MI:SS'), 'MALE', 19.260784, 105.417748);
INSERT INTO "customers" ("customer_id", "customer_code", "kyc_status", "full_name", "identity_card", "address", "income_level", "created_at", "gender", "latitude", "longitude") VALUES ('05a2c467-909e-4794-8f05-bac156b209c8', 'CUST00081', 'REJECTED', 'Khách hàng 81', '001036571637', 'Hà Nội', 'HIGH', TO_TIMESTAMP('2026-01-21 20:37:28', 'YYYY-MM-DD HH24:MI:SS'), 'MALE', 20.464768, 106.112129);
INSERT INTO "customers" ("customer_id", "customer_code", "kyc_status", "full_name", "identity_card", "address", "income_level", "created_at", "gender", "latitude", "longitude") VALUES ('546b69b9-7fbe-4cc1-9143-85164149c935', 'CUST00082', 'VERIFIED', 'Khách hàng 82', '001082843792', 'Hà Nội', 'HIGH', TO_TIMESTAMP('2025-10-16 20:37:28', 'YYYY-MM-DD HH24:MI:SS'), 'FEMALE', 8.124687, 104.622438);
INSERT INTO "customers" ("customer_id", "customer_code", "kyc_status", "full_name", "identity_card", "address", "income_level", "created_at", "gender", "latitude", "longitude") VALUES ('7335de3e-8d3d-4b0a-b544-eb3cfca25e3b', 'CUST00083', 'VERIFIED', 'Khách hàng 83', '001011438752', 'Hồ Chí Minh', 'LOW', TO_TIMESTAMP('2025-05-27 20:37:28', 'YYYY-MM-DD HH24:MI:SS'), 'FEMALE', 12.046079, 103.266229);
INSERT INTO "customers" ("customer_id", "customer_code", "kyc_status", "full_name", "identity_card", "address", "income_level", "created_at", "gender", "latitude", "longitude") VALUES ('13ad4717-1d6a-403f-8eff-6654800c6e2f', 'CUST00084', 'PENDING', 'Khách hàng 84', '001056895159', 'Hồ Chí Minh', 'HIGH', TO_TIMESTAMP('2026-04-10 20:37:28', 'YYYY-MM-DD HH24:MI:SS'), 'MALE', 14.582003, 108.476988);
INSERT INTO "customers" ("customer_id", "customer_code", "kyc_status", "full_name", "identity_card", "address", "income_level", "created_at", "gender", "latitude", "longitude") VALUES ('590aa941-d4b9-423b-832c-4426f7cd84d5', 'CUST00085', 'VERIFIED', 'Khách hàng 85', '001045905557', 'Hà Nội', 'HIGH', TO_TIMESTAMP('2025-12-03 20:37:28', 'YYYY-MM-DD HH24:MI:SS'), 'MALE', 10.751956, 103.733182);
INSERT INTO "customers" ("customer_id", "customer_code", "kyc_status", "full_name", "identity_card", "address", "income_level", "created_at", "gender", "latitude", "longitude") VALUES ('c85d3f76-da9e-4606-9ba3-2e9714b5be50', 'CUST00086', 'PENDING', 'Khách hàng 86', '001051109821', 'Hà Nội', 'MEDIUM', TO_TIMESTAMP('2025-05-12 20:37:28', 'YYYY-MM-DD HH24:MI:SS'), 'FEMALE', 20.322177, 108.353996);
INSERT INTO "customers" ("customer_id", "customer_code", "kyc_status", "full_name", "identity_card", "address", "income_level", "created_at", "gender", "latitude", "longitude") VALUES ('b3f2252b-fd6d-45cd-ad45-49aa3e6893e0', 'CUST00087', 'REJECTED', 'Khách hàng 87', '001057530080', 'Hà Nội', 'HIGH', TO_TIMESTAMP('2026-02-01 20:37:28', 'YYYY-MM-DD HH24:MI:SS'), 'FEMALE', 17.068506, 105.536964);
INSERT INTO "customers" ("customer_id", "customer_code", "kyc_status", "full_name", "identity_card", "address", "income_level", "created_at", "gender", "latitude", "longitude") VALUES ('6ded1e96-af19-4ca1-881f-3fb3e6b1354a', 'CUST00088', 'REJECTED', 'Khách hàng 88', '001023217709', 'Hồ Chí Minh', 'LOW', TO_TIMESTAMP('2026-01-01 20:37:28', 'YYYY-MM-DD HH24:MI:SS'), 'MALE', 14.133967, 106.416676);
INSERT INTO "customers" ("customer_id", "customer_code", "kyc_status", "full_name", "identity_card", "address", "income_level", "created_at", "gender", "latitude", "longitude") VALUES ('f99b6691-8705-4413-aa40-b37d68b30e32', 'CUST00089', 'PENDING', 'Khách hàng 89', '001094354021', 'Đà Nẵng', 'LOW', TO_TIMESTAMP('2025-04-13 20:37:28', 'YYYY-MM-DD HH24:MI:SS'), 'FEMALE', 14.249695, 104.327328);
INSERT INTO "customers" ("customer_id", "customer_code", "kyc_status", "full_name", "identity_card", "address", "income_level", "created_at", "gender", "latitude", "longitude") VALUES ('88701adc-c246-4f54-ae9a-33e89fc24ed3', 'CUST00090', 'PENDING', 'Khách hàng 90', '001065521431', 'Hà Nội', 'MEDIUM', TO_TIMESTAMP('2026-01-24 20:37:28', 'YYYY-MM-DD HH24:MI:SS'), 'MALE', 21.90994, 104.668177);
INSERT INTO "customers" ("customer_id", "customer_code", "kyc_status", "full_name", "identity_card", "address", "income_level", "created_at", "gender", "latitude", "longitude") VALUES ('8a38d3f3-0442-41bf-bec7-e9795823602a', 'CUST00091', 'VERIFIED', 'Khách hàng 91', '001024660256', 'Hồ Chí Minh', 'MEDIUM', TO_TIMESTAMP('2025-08-09 20:37:28', 'YYYY-MM-DD HH24:MI:SS'), 'MALE', 15.054635, 103.294254);
INSERT INTO "customers" ("customer_id", "customer_code", "kyc_status", "full_name", "identity_card", "address", "income_level", "created_at", "gender", "latitude", "longitude") VALUES ('689fd274-1ed4-4dec-893a-d632c882a2fe', 'CUST00092', 'PENDING', 'Khách hàng 92', '001080751443', 'Hà Nội', 'HIGH', TO_TIMESTAMP('2025-11-11 20:37:28', 'YYYY-MM-DD HH24:MI:SS'), 'MALE', 16.106793, 105.595664);
INSERT INTO "customers" ("customer_id", "customer_code", "kyc_status", "full_name", "identity_card", "address", "income_level", "created_at", "gender", "latitude", "longitude") VALUES ('d8ab7edb-4d1d-422a-b60a-3a8642e52020', 'CUST00093', 'VERIFIED', 'Khách hàng 93', '001050093119', 'Đà Nẵng', 'MEDIUM', TO_TIMESTAMP('2026-01-13 20:37:28', 'YYYY-MM-DD HH24:MI:SS'), 'FEMALE', 18.590874, 103.412401);
INSERT INTO "customers" ("customer_id", "customer_code", "kyc_status", "full_name", "identity_card", "address", "income_level", "created_at", "gender", "latitude", "longitude") VALUES ('9acf5ea8-ec08-44f0-907f-c6400863d1de', 'CUST00094', 'VERIFIED', 'Khách hàng 94', '001034635006', 'Đà Nẵng', 'LOW', TO_TIMESTAMP('2025-08-02 20:37:28', 'YYYY-MM-DD HH24:MI:SS'), 'FEMALE', 10.00491, 105.191287);
INSERT INTO "customers" ("customer_id", "customer_code", "kyc_status", "full_name", "identity_card", "address", "income_level", "created_at", "gender", "latitude", "longitude") VALUES ('0d9fb6e3-53ef-4614-aaaf-3d970b71aa5a', 'CUST00095', 'VERIFIED', 'Khách hàng 95', '001046042456', 'Hà Nội', 'HIGH', TO_TIMESTAMP('2026-04-10 20:37:28', 'YYYY-MM-DD HH24:MI:SS'), 'MALE', 22.2434, 107.872059);
INSERT INTO "customers" ("customer_id", "customer_code", "kyc_status", "full_name", "identity_card", "address", "income_level", "created_at", "gender", "latitude", "longitude") VALUES ('b0542b4f-b29a-404f-9809-73b06cfbbf60', 'CUST00096', 'PENDING', 'Khách hàng 96', '001033194545', 'Hà Nội', 'MEDIUM', TO_TIMESTAMP('2026-02-22 20:37:28', 'YYYY-MM-DD HH24:MI:SS'), 'MALE', 11.902505, 108.347999);
INSERT INTO "customers" ("customer_id", "customer_code", "kyc_status", "full_name", "identity_card", "address", "income_level", "created_at", "gender", "latitude", "longitude") VALUES ('f49abb2b-f5b9-4cf7-a6e6-2adcb8909a0d', 'CUST00097', 'PENDING', 'Khách hàng 97', '001055039300', 'Hồ Chí Minh', 'HIGH', TO_TIMESTAMP('2025-05-06 20:37:28', 'YYYY-MM-DD HH24:MI:SS'), 'MALE', 20.290049, 108.502122);
INSERT INTO "customers" ("customer_id", "customer_code", "kyc_status", "full_name", "identity_card", "address", "income_level", "created_at", "gender", "latitude", "longitude") VALUES ('16719215-e71e-4f61-9301-a3f3bcd5763e', 'CUST00098', 'VERIFIED', 'Khách hàng 98', '001044431501', 'Hà Nội', 'LOW', TO_TIMESTAMP('2026-02-17 20:37:28', 'YYYY-MM-DD HH24:MI:SS'), 'FEMALE', 19.876562, 103.862953);
INSERT INTO "customers" ("customer_id", "customer_code", "kyc_status", "full_name", "identity_card", "address", "income_level", "created_at", "gender", "latitude", "longitude") VALUES ('fe147db7-ea11-4fd7-8fc9-c45557c366fd', 'CUST00099', 'PENDING', 'Khách hàng 99', '001055131902', 'Đà Nẵng', 'LOW', TO_TIMESTAMP('2025-08-25 20:37:28', 'YYYY-MM-DD HH24:MI:SS'), 'FEMALE', 19.828134, 107.684962);
INSERT INTO "customers" ("customer_id", "customer_code", "kyc_status", "full_name", "identity_card", "address", "income_level", "created_at", "gender", "latitude", "longitude") VALUES ('a619b0b8-ff00-4be3-95e7-778bf9c95877', 'CUST00100', 'VERIFIED', 'Khách hàng 100', '001050380565', 'Đà Nẵng', 'MEDIUM', TO_TIMESTAMP('2026-01-27 20:37:28', 'YYYY-MM-DD HH24:MI:SS'), 'MALE', 8.766916, 107.944478);

INSERT INTO "merchants" ("merchant_id", "merchant_code", "merchant_name", "merchant_category", "city", "country", "risk_level", "is_blacklisted", "created_at", "latitude", "longitude") VALUES ('9b0b4a3a-ad87-4b4b-b81d-821f4d7dd598', 'MERCH00001', 'Cửa hàng 1', 'FOOD', 'Hồ Chí Minh', 'Vietnam', 'MEDIUM', 0, TO_TIMESTAMP('2025-07-12 20:37:28', 'YYYY-MM-DD HH24:MI:SS'), 20.454522, 108.666574);
INSERT INTO "merchants" ("merchant_id", "merchant_code", "merchant_name", "merchant_category", "city", "country", "risk_level", "is_blacklisted", "created_at", "latitude", "longitude") VALUES ('7781d332-a8cf-464f-98ef-2fa8de8a58da', 'MERCH00002', 'Cửa hàng 2', 'ENTERTAINMENT', 'Đà Lạt', 'Vietnam', 'HIGH', 0, TO_TIMESTAMP('2025-07-16 20:37:28', 'YYYY-MM-DD HH24:MI:SS'), 15.358632, 102.72979);
INSERT INTO "merchants" ("merchant_id", "merchant_code", "merchant_name", "merchant_category", "city", "country", "risk_level", "is_blacklisted", "created_at", "latitude", "longitude") VALUES ('f49fbadb-8aa7-42ff-b4fe-1a742892d6e6', 'MERCH00003', 'Cửa hàng 3', 'RETAIL', 'Hà Nội', 'Vietnam', 'MEDIUM', 0, TO_TIMESTAMP('2025-08-15 20:37:28', 'YYYY-MM-DD HH24:MI:SS'), 8.255631, 108.373213);
INSERT INTO "merchants" ("merchant_id", "merchant_code", "merchant_name", "merchant_category", "city", "country", "risk_level", "is_blacklisted", "created_at", "latitude", "longitude") VALUES ('e693e821-f00f-4d40-971c-6c3974add380', 'MERCH00004', 'Cửa hàng 4', 'FOOD', 'Đà Lạt', 'Vietnam', 'MEDIUM', 0, TO_TIMESTAMP('2025-09-10 20:37:28', 'YYYY-MM-DD HH24:MI:SS'), 15.017655, 103.842144);
INSERT INTO "merchants" ("merchant_id", "merchant_code", "merchant_name", "merchant_category", "city", "country", "risk_level", "is_blacklisted", "created_at", "latitude", "longitude") VALUES ('7efb423c-4903-41a5-af65-820ab69eb0c6', 'MERCH00005', 'Cửa hàng 5', 'FOOD', 'Hồ Chí Minh', 'Vietnam', 'HIGH', 0, TO_TIMESTAMP('2025-10-01 20:37:28', 'YYYY-MM-DD HH24:MI:SS'), 21.191001, 106.3013);
INSERT INTO "merchants" ("merchant_id", "merchant_code", "merchant_name", "merchant_category", "city", "country", "risk_level", "is_blacklisted", "created_at", "latitude", "longitude") VALUES ('fc6580c9-c032-4d75-bf39-ecf63324ca32', 'MERCH00006', 'Cửa hàng 6', 'RETAIL', 'Hà Nội', 'Vietnam', 'HIGH', 0, TO_TIMESTAMP('2026-02-25 20:37:28', 'YYYY-MM-DD HH24:MI:SS'), 16.553767, 102.579246);
INSERT INTO "merchants" ("merchant_id", "merchant_code", "merchant_name", "merchant_category", "city", "country", "risk_level", "is_blacklisted", "created_at", "latitude", "longitude") VALUES ('eef10b05-943b-4c89-9a1f-397731a32c63', 'MERCH00007', 'Cửa hàng 7', 'TRAVEL', 'Hà Nội', 'Vietnam', 'MEDIUM', 0, TO_TIMESTAMP('2026-03-29 20:37:28', 'YYYY-MM-DD HH24:MI:SS'), 12.677745, 103.936473);
INSERT INTO "merchants" ("merchant_id", "merchant_code", "merchant_name", "merchant_category", "city", "country", "risk_level", "is_blacklisted", "created_at", "latitude", "longitude") VALUES ('90fe50f1-272f-4ed9-a62b-a0d30a4d43d8', 'MERCH00008', 'Cửa hàng 8', 'TRAVEL', 'Đà Lạt', 'Vietnam', 'HIGH', 0, TO_TIMESTAMP('2026-03-31 20:37:28', 'YYYY-MM-DD HH24:MI:SS'), 22.974499, 105.888269);
INSERT INTO "merchants" ("merchant_id", "merchant_code", "merchant_name", "merchant_category", "city", "country", "risk_level", "is_blacklisted", "created_at", "latitude", "longitude") VALUES ('59e66d3c-a8be-4264-8462-64e7bdb179e4', 'MERCH00009', 'Cửa hàng 9', 'ENTERTAINMENT', 'Hồ Chí Minh', 'Vietnam', 'LOW', 0, TO_TIMESTAMP('2025-12-04 20:37:28', 'YYYY-MM-DD HH24:MI:SS'), 8.272487, 103.32287);
INSERT INTO "merchants" ("merchant_id", "merchant_code", "merchant_name", "merchant_category", "city", "country", "risk_level", "is_blacklisted", "created_at", "latitude", "longitude") VALUES ('fb2337a7-bb10-494b-96b9-e2db9ce61761', 'MERCH00010', 'Cửa hàng 10', 'TRAVEL', 'Hà Nội', 'Vietnam', 'LOW', 0, TO_TIMESTAMP('2026-03-22 20:37:28', 'YYYY-MM-DD HH24:MI:SS'), 22.062585, 108.263181);
INSERT INTO "merchants" ("merchant_id", "merchant_code", "merchant_name", "merchant_category", "city", "country", "risk_level", "is_blacklisted", "created_at", "latitude", "longitude") VALUES ('80d52946-a07a-450a-9759-699a3726c09c', 'MERCH00011', 'Cửa hàng 11', 'FOOD', 'Hồ Chí Minh', 'Vietnam', 'LOW', 0, TO_TIMESTAMP('2025-12-16 20:37:28', 'YYYY-MM-DD HH24:MI:SS'), 10.74658, 106.804285);
INSERT INTO "merchants" ("merchant_id", "merchant_code", "merchant_name", "merchant_category", "city", "country", "risk_level", "is_blacklisted", "created_at", "latitude", "longitude") VALUES ('6cc7f310-5ae2-4627-ac64-c65c98608c41', 'MERCH00012', 'Cửa hàng 12', 'ENTERTAINMENT', 'Đà Lạt', 'Vietnam', 'LOW', 0, TO_TIMESTAMP('2025-08-21 20:37:28', 'YYYY-MM-DD HH24:MI:SS'), 22.266394, 107.985086);
INSERT INTO "merchants" ("merchant_id", "merchant_code", "merchant_name", "merchant_category", "city", "country", "risk_level", "is_blacklisted", "created_at", "latitude", "longitude") VALUES ('441a95f8-2ff9-4027-a832-82899a1d1380', 'MERCH00013', 'Cửa hàng 13', 'RETAIL', 'Đà Lạt', 'Vietnam', 'HIGH', 0, TO_TIMESTAMP('2025-12-11 20:37:28', 'YYYY-MM-DD HH24:MI:SS'), 16.339511, 106.293011);
INSERT INTO "merchants" ("merchant_id", "merchant_code", "merchant_name", "merchant_category", "city", "country", "risk_level", "is_blacklisted", "created_at", "latitude", "longitude") VALUES ('c24a186c-f84e-41bf-b723-a78d90f3421e', 'MERCH00014', 'Cửa hàng 14', 'FOOD', 'Hồ Chí Minh', 'Vietnam', 'LOW', 0, TO_TIMESTAMP('2025-10-10 20:37:28', 'YYYY-MM-DD HH24:MI:SS'), 8.383377, 106.675186);
INSERT INTO "merchants" ("merchant_id", "merchant_code", "merchant_name", "merchant_category", "city", "country", "risk_level", "is_blacklisted", "created_at", "latitude", "longitude") VALUES ('90b94833-8aba-4cb7-94bc-59c753549eb3', 'MERCH00015', 'Cửa hàng 15', 'RETAIL', 'Đà Lạt', 'Vietnam', 'LOW', 0, TO_TIMESTAMP('2025-11-12 20:37:28', 'YYYY-MM-DD HH24:MI:SS'), 14.731229, 107.150826);
INSERT INTO "merchants" ("merchant_id", "merchant_code", "merchant_name", "merchant_category", "city", "country", "risk_level", "is_blacklisted", "created_at", "latitude", "longitude") VALUES ('fd6edbf8-7644-49e8-92de-991375a86ddf', 'MERCH00016', 'Cửa hàng 16', 'RETAIL', 'Hồ Chí Minh', 'Vietnam', 'LOW', 0, TO_TIMESTAMP('2026-01-27 20:37:28', 'YYYY-MM-DD HH24:MI:SS'), 12.321108, 107.926311);
INSERT INTO "merchants" ("merchant_id", "merchant_code", "merchant_name", "merchant_category", "city", "country", "risk_level", "is_blacklisted", "created_at", "latitude", "longitude") VALUES ('f650dadf-b8f1-4f75-8909-261a139ce88a', 'MERCH00017', 'Cửa hàng 17', 'TRAVEL', 'Hà Nội', 'Vietnam', 'MEDIUM', 0, TO_TIMESTAMP('2025-11-21 20:37:28', 'YYYY-MM-DD HH24:MI:SS'), 22.28309, 108.427144);
INSERT INTO "merchants" ("merchant_id", "merchant_code", "merchant_name", "merchant_category", "city", "country", "risk_level", "is_blacklisted", "created_at", "latitude", "longitude") VALUES ('157a002a-fa57-410e-b988-b560d12ccdde', 'MERCH00018', 'Cửa hàng 18', 'FOOD', 'Hà Nội', 'Vietnam', 'MEDIUM', 0, TO_TIMESTAMP('2025-06-15 20:37:28', 'YYYY-MM-DD HH24:MI:SS'), 13.6636, 104.523055);
INSERT INTO "merchants" ("merchant_id", "merchant_code", "merchant_name", "merchant_category", "city", "country", "risk_level", "is_blacklisted", "created_at", "latitude", "longitude") VALUES ('e3fb95af-1d00-4c3c-a96f-268e661ac70c', 'MERCH00019', 'Cửa hàng 19', 'ENTERTAINMENT', 'Đà Lạt', 'Vietnam', 'LOW', 0, TO_TIMESTAMP('2026-01-02 20:37:28', 'YYYY-MM-DD HH24:MI:SS'), 18.832522, 106.063271);
INSERT INTO "merchants" ("merchant_id", "merchant_code", "merchant_name", "merchant_category", "city", "country", "risk_level", "is_blacklisted", "created_at", "latitude", "longitude") VALUES ('390f9dc1-7c71-4715-bc80-5c883ae7208e', 'MERCH00020', 'Cửa hàng 20', 'ENTERTAINMENT', 'Hà Nội', 'Vietnam', 'LOW', 0, TO_TIMESTAMP('2025-06-23 20:37:28', 'YYYY-MM-DD HH24:MI:SS'), 9.759371, 108.324054);
INSERT INTO "merchants" ("merchant_id", "merchant_code", "merchant_name", "merchant_category", "city", "country", "risk_level", "is_blacklisted", "created_at", "latitude", "longitude") VALUES ('3e935995-d2cd-42e2-885a-76c61c9f0aff', 'MERCH00021', 'Cửa hàng 21', 'FOOD', 'Đà Lạt', 'Vietnam', 'HIGH', 0, TO_TIMESTAMP('2025-09-15 20:37:28', 'YYYY-MM-DD HH24:MI:SS'), 21.304721, 105.082928);
INSERT INTO "merchants" ("merchant_id", "merchant_code", "merchant_name", "merchant_category", "city", "country", "risk_level", "is_blacklisted", "created_at", "latitude", "longitude") VALUES ('3044235d-b402-4ad8-a9ed-530c2e515806', 'MERCH00022', 'Cửa hàng 22', 'FOOD', 'Đà Lạt', 'Vietnam', 'HIGH', 0, TO_TIMESTAMP('2025-09-15 20:37:28', 'YYYY-MM-DD HH24:MI:SS'), 12.084331, 103.376755);
INSERT INTO "merchants" ("merchant_id", "merchant_code", "merchant_name", "merchant_category", "city", "country", "risk_level", "is_blacklisted", "created_at", "latitude", "longitude") VALUES ('c176c82a-ce69-48e2-b4e4-78e3c3e6d3b3', 'MERCH00023', 'Cửa hàng 23', 'TRAVEL', 'Hà Nội', 'Vietnam', 'HIGH', 0, TO_TIMESTAMP('2025-06-15 20:37:28', 'YYYY-MM-DD HH24:MI:SS'), 16.607039, 106.215498);
INSERT INTO "merchants" ("merchant_id", "merchant_code", "merchant_name", "merchant_category", "city", "country", "risk_level", "is_blacklisted", "created_at", "latitude", "longitude") VALUES ('08e6796e-122e-4f62-b4b8-fc2bf78ab1d5', 'MERCH00024', 'Cửa hàng 24', 'TRAVEL', 'Hồ Chí Minh', 'Vietnam', 'LOW', 0, TO_TIMESTAMP('2025-04-13 20:37:28', 'YYYY-MM-DD HH24:MI:SS'), 21.457671, 104.786815);
INSERT INTO "merchants" ("merchant_id", "merchant_code", "merchant_name", "merchant_category", "city", "country", "risk_level", "is_blacklisted", "created_at", "latitude", "longitude") VALUES ('336beaef-5b83-45d0-9937-57acef2ef4f3', 'MERCH00025', 'Cửa hàng 25', 'TRAVEL', 'Hồ Chí Minh', 'Vietnam', 'LOW', 0, TO_TIMESTAMP('2025-05-31 20:37:28', 'YYYY-MM-DD HH24:MI:SS'), 9.628795, 102.863699);
INSERT INTO "merchants" ("merchant_id", "merchant_code", "merchant_name", "merchant_category", "city", "country", "risk_level", "is_blacklisted", "created_at", "latitude", "longitude") VALUES ('a00d8036-6150-443a-b5be-4d016a0e5069', 'MERCH00026', 'Cửa hàng 26', 'TRAVEL', 'Hồ Chí Minh', 'Vietnam', 'MEDIUM', 0, TO_TIMESTAMP('2025-05-28 20:37:28', 'YYYY-MM-DD HH24:MI:SS'), 17.842261, 103.109953);
INSERT INTO "merchants" ("merchant_id", "merchant_code", "merchant_name", "merchant_category", "city", "country", "risk_level", "is_blacklisted", "created_at", "latitude", "longitude") VALUES ('21d076b0-cf56-496f-a9c0-d81e42088e33', 'MERCH00027', 'Cửa hàng 27', 'FOOD', 'Hà Nội', 'Vietnam', 'LOW', 0, TO_TIMESTAMP('2025-04-28 20:37:28', 'YYYY-MM-DD HH24:MI:SS'), 21.204012, 105.323972);
INSERT INTO "merchants" ("merchant_id", "merchant_code", "merchant_name", "merchant_category", "city", "country", "risk_level", "is_blacklisted", "created_at", "latitude", "longitude") VALUES ('1a67a6ca-5969-408f-bd5d-00c9d1523cc9', 'MERCH00028', 'Cửa hàng 28', 'TRAVEL', 'Đà Lạt', 'Vietnam', 'HIGH', 0, TO_TIMESTAMP('2025-09-08 20:37:28', 'YYYY-MM-DD HH24:MI:SS'), 8.414823, 104.034295);
INSERT INTO "merchants" ("merchant_id", "merchant_code", "merchant_name", "merchant_category", "city", "country", "risk_level", "is_blacklisted", "created_at", "latitude", "longitude") VALUES ('2059a8d9-3e03-4507-9921-ac4d63b07212', 'MERCH00029', 'Cửa hàng 29', 'TRAVEL', 'Hồ Chí Minh', 'Vietnam', 'MEDIUM', 0, TO_TIMESTAMP('2026-04-11 20:37:28', 'YYYY-MM-DD HH24:MI:SS'), 10.338975, 103.326565);
INSERT INTO "merchants" ("merchant_id", "merchant_code", "merchant_name", "merchant_category", "city", "country", "risk_level", "is_blacklisted", "created_at", "latitude", "longitude") VALUES ('0c27757c-dd93-4d6f-8568-f6d1e6dce7b2', 'MERCH00030', 'Cửa hàng 30', 'RETAIL', 'Đà Lạt', 'Vietnam', 'LOW', 0, TO_TIMESTAMP('2025-05-08 20:37:28', 'YYYY-MM-DD HH24:MI:SS'), 19.493439, 107.597858);
INSERT INTO "merchants" ("merchant_id", "merchant_code", "merchant_name", "merchant_category", "city", "country", "risk_level", "is_blacklisted", "created_at", "latitude", "longitude") VALUES ('1e9209d2-ade7-4ba7-8357-b01b54703733', 'MERCH00031', 'Cửa hàng 31', 'ENTERTAINMENT', 'Hà Nội', 'Vietnam', 'HIGH', 0, TO_TIMESTAMP('2025-10-17 20:37:28', 'YYYY-MM-DD HH24:MI:SS'), 8.583937, 106.43975);
INSERT INTO "merchants" ("merchant_id", "merchant_code", "merchant_name", "merchant_category", "city", "country", "risk_level", "is_blacklisted", "created_at", "latitude", "longitude") VALUES ('4056d1fd-a49f-49f9-9527-336d0fd93615', 'MERCH00032', 'Cửa hàng 32', 'TRAVEL', 'Đà Lạt', 'Vietnam', 'MEDIUM', 0, TO_TIMESTAMP('2025-09-18 20:37:28', 'YYYY-MM-DD HH24:MI:SS'), 8.837412, 107.119835);
INSERT INTO "merchants" ("merchant_id", "merchant_code", "merchant_name", "merchant_category", "city", "country", "risk_level", "is_blacklisted", "created_at", "latitude", "longitude") VALUES ('9203d8f8-9024-4f40-9758-7ff731a93a7d', 'MERCH00033', 'Cửa hàng 33', 'ENTERTAINMENT', 'Hồ Chí Minh', 'Vietnam', 'HIGH', 0, TO_TIMESTAMP('2026-04-11 20:37:28', 'YYYY-MM-DD HH24:MI:SS'), 11.66088, 104.766808);
INSERT INTO "merchants" ("merchant_id", "merchant_code", "merchant_name", "merchant_category", "city", "country", "risk_level", "is_blacklisted", "created_at", "latitude", "longitude") VALUES ('6f55e4d6-79c2-4770-ab5a-3df5281f7cd4', 'MERCH00034', 'Cửa hàng 34', 'ENTERTAINMENT', 'Hà Nội', 'Vietnam', 'LOW', 0, TO_TIMESTAMP('2025-09-22 20:37:28', 'YYYY-MM-DD HH24:MI:SS'), 13.7797, 106.081934);
INSERT INTO "merchants" ("merchant_id", "merchant_code", "merchant_name", "merchant_category", "city", "country", "risk_level", "is_blacklisted", "created_at", "latitude", "longitude") VALUES ('d97ef58e-b5d4-455f-b946-8216fbcabec0', 'MERCH00035', 'Cửa hàng 35', 'TRAVEL', 'Hồ Chí Minh', 'Vietnam', 'LOW', 0, TO_TIMESTAMP('2025-05-21 20:37:28', 'YYYY-MM-DD HH24:MI:SS'), 22.431087, 105.54683);
INSERT INTO "merchants" ("merchant_id", "merchant_code", "merchant_name", "merchant_category", "city", "country", "risk_level", "is_blacklisted", "created_at", "latitude", "longitude") VALUES ('99446e0e-3c2e-4465-a24c-dacd24dbf4f3', 'MERCH00036', 'Cửa hàng 36', 'ENTERTAINMENT', 'Hà Nội', 'Vietnam', 'HIGH', 0, TO_TIMESTAMP('2025-11-02 20:37:28', 'YYYY-MM-DD HH24:MI:SS'), 12.985442, 102.960473);
INSERT INTO "merchants" ("merchant_id", "merchant_code", "merchant_name", "merchant_category", "city", "country", "risk_level", "is_blacklisted", "created_at", "latitude", "longitude") VALUES ('724bd87f-70ed-4219-80bc-4bc80dc12e42', 'MERCH00037', 'Cửa hàng 37', 'RETAIL', 'Đà Lạt', 'Vietnam', 'HIGH', 0, TO_TIMESTAMP('2025-05-20 20:37:28', 'YYYY-MM-DD HH24:MI:SS'), 10.764157, 108.857066);
INSERT INTO "merchants" ("merchant_id", "merchant_code", "merchant_name", "merchant_category", "city", "country", "risk_level", "is_blacklisted", "created_at", "latitude", "longitude") VALUES ('d26edd70-4557-4ab3-9736-b43a4fd6947f', 'MERCH00038', 'Cửa hàng 38', 'RETAIL', 'Đà Lạt', 'Vietnam', 'LOW', 0, TO_TIMESTAMP('2026-03-20 20:37:28', 'YYYY-MM-DD HH24:MI:SS'), 8.161417, 106.564029);
INSERT INTO "merchants" ("merchant_id", "merchant_code", "merchant_name", "merchant_category", "city", "country", "risk_level", "is_blacklisted", "created_at", "latitude", "longitude") VALUES ('54d52f5b-3403-4038-9801-5dfdfc4fc736', 'MERCH00039', 'Cửa hàng 39', 'FOOD', 'Đà Lạt', 'Vietnam', 'LOW', 0, TO_TIMESTAMP('2025-05-11 20:37:28', 'YYYY-MM-DD HH24:MI:SS'), 14.442756, 103.403167);
INSERT INTO "merchants" ("merchant_id", "merchant_code", "merchant_name", "merchant_category", "city", "country", "risk_level", "is_blacklisted", "created_at", "latitude", "longitude") VALUES ('46a84872-6c76-4a26-8a24-949f845e40ad', 'MERCH00040', 'Cửa hàng 40', 'TRAVEL', 'Đà Lạt', 'Vietnam', 'LOW', 0, TO_TIMESTAMP('2026-01-31 20:37:28', 'YYYY-MM-DD HH24:MI:SS'), 13.444418, 103.706503);
INSERT INTO "merchants" ("merchant_id", "merchant_code", "merchant_name", "merchant_category", "city", "country", "risk_level", "is_blacklisted", "created_at", "latitude", "longitude") VALUES ('366e7ad2-1664-4eb2-a387-bbc4594dce21', 'MERCH00041', 'Cửa hàng 41', 'TRAVEL', 'Hà Nội', 'Vietnam', 'LOW', 0, TO_TIMESTAMP('2025-09-23 20:37:28', 'YYYY-MM-DD HH24:MI:SS'), 19.44814, 104.966905);
INSERT INTO "merchants" ("merchant_id", "merchant_code", "merchant_name", "merchant_category", "city", "country", "risk_level", "is_blacklisted", "created_at", "latitude", "longitude") VALUES ('99db6671-ba98-4bd9-ac79-2ba4e8a9dc9e', 'MERCH00042', 'Cửa hàng 42', 'RETAIL', 'Hà Nội', 'Vietnam', 'MEDIUM', 0, TO_TIMESTAMP('2026-02-24 20:37:28', 'YYYY-MM-DD HH24:MI:SS'), 20.001136, 102.071679);
INSERT INTO "merchants" ("merchant_id", "merchant_code", "merchant_name", "merchant_category", "city", "country", "risk_level", "is_blacklisted", "created_at", "latitude", "longitude") VALUES ('bef715de-7acd-43a1-976e-f2a73133e760', 'MERCH00043', 'Cửa hàng 43', 'RETAIL', 'Đà Lạt', 'Vietnam', 'MEDIUM', 0, TO_TIMESTAMP('2025-07-25 20:37:28', 'YYYY-MM-DD HH24:MI:SS'), 12.670747, 108.699039);
INSERT INTO "merchants" ("merchant_id", "merchant_code", "merchant_name", "merchant_category", "city", "country", "risk_level", "is_blacklisted", "created_at", "latitude", "longitude") VALUES ('53df1aac-7ad3-4569-9eec-3c1bcf551e99', 'MERCH00044', 'Cửa hàng 44', 'FOOD', 'Hà Nội', 'Vietnam', 'HIGH', 0, TO_TIMESTAMP('2025-11-19 20:37:28', 'YYYY-MM-DD HH24:MI:SS'), 9.133081, 103.417698);
INSERT INTO "merchants" ("merchant_id", "merchant_code", "merchant_name", "merchant_category", "city", "country", "risk_level", "is_blacklisted", "created_at", "latitude", "longitude") VALUES ('690b8205-dddd-4a25-a8b4-adbf6693a161', 'MERCH00045', 'Cửa hàng 45', 'RETAIL', 'Đà Lạt', 'Vietnam', 'MEDIUM', 0, TO_TIMESTAMP('2025-11-15 20:37:28', 'YYYY-MM-DD HH24:MI:SS'), 10.905121, 108.075588);
INSERT INTO "merchants" ("merchant_id", "merchant_code", "merchant_name", "merchant_category", "city", "country", "risk_level", "is_blacklisted", "created_at", "latitude", "longitude") VALUES ('1ffcbf55-3177-4ae2-92c4-c06e74e3a1da', 'MERCH00046', 'Cửa hàng 46', 'TRAVEL', 'Hà Nội', 'Vietnam', 'HIGH', 0, TO_TIMESTAMP('2026-04-11 20:37:28', 'YYYY-MM-DD HH24:MI:SS'), 9.644216, 103.999002);
INSERT INTO "merchants" ("merchant_id", "merchant_code", "merchant_name", "merchant_category", "city", "country", "risk_level", "is_blacklisted", "created_at", "latitude", "longitude") VALUES ('2c26fba6-ac2c-4237-988b-e9a435d9ef63', 'MERCH00047', 'Cửa hàng 47', 'FOOD', 'Đà Lạt', 'Vietnam', 'MEDIUM', 0, TO_TIMESTAMP('2025-11-12 20:37:28', 'YYYY-MM-DD HH24:MI:SS'), 18.429656, 105.523636);
INSERT INTO "merchants" ("merchant_id", "merchant_code", "merchant_name", "merchant_category", "city", "country", "risk_level", "is_blacklisted", "created_at", "latitude", "longitude") VALUES ('a709c3ea-8ef6-4111-9d38-1a9de3b7e6ba', 'MERCH00048', 'Cửa hàng 48', 'RETAIL', 'Đà Lạt', 'Vietnam', 'HIGH', 0, TO_TIMESTAMP('2025-07-05 20:37:28', 'YYYY-MM-DD HH24:MI:SS'), 9.593933, 104.790566);
INSERT INTO "merchants" ("merchant_id", "merchant_code", "merchant_name", "merchant_category", "city", "country", "risk_level", "is_blacklisted", "created_at", "latitude", "longitude") VALUES ('77d42e7f-46d3-492b-b758-da16db602009', 'MERCH00049', 'Cửa hàng 49', 'ENTERTAINMENT', 'Hồ Chí Minh', 'Vietnam', 'LOW', 0, TO_TIMESTAMP('2026-01-31 20:37:28', 'YYYY-MM-DD HH24:MI:SS'), 8.146964, 103.619885);
INSERT INTO "merchants" ("merchant_id", "merchant_code", "merchant_name", "merchant_category", "city", "country", "risk_level", "is_blacklisted", "created_at", "latitude", "longitude") VALUES ('867bb6ed-9f0d-4e12-8228-e1c10eb91174', 'MERCH00050', 'Cửa hàng 50', 'FOOD', 'Hồ Chí Minh', 'Vietnam', 'HIGH', 0, TO_TIMESTAMP('2026-01-04 20:37:28', 'YYYY-MM-DD HH24:MI:SS'), 9.926373, 103.787426);
INSERT INTO "merchants" ("merchant_id", "merchant_code", "merchant_name", "merchant_category", "city", "country", "risk_level", "is_blacklisted", "created_at", "latitude", "longitude") VALUES ('31130238-ba11-4e9e-a2ec-d73005d2b478', 'MERCH00051', 'Cửa hàng 51', 'RETAIL', 'Đà Lạt', 'Vietnam', 'MEDIUM', 0, TO_TIMESTAMP('2025-05-03 20:37:28', 'YYYY-MM-DD HH24:MI:SS'), 11.743794, 107.576195);
INSERT INTO "merchants" ("merchant_id", "merchant_code", "merchant_name", "merchant_category", "city", "country", "risk_level", "is_blacklisted", "created_at", "latitude", "longitude") VALUES ('819c7474-dec8-47fc-a89d-bfa051cd42a3', 'MERCH00052', 'Cửa hàng 52', 'TRAVEL', 'Hà Nội', 'Vietnam', 'LOW', 0, TO_TIMESTAMP('2025-10-24 20:37:28', 'YYYY-MM-DD HH24:MI:SS'), 22.476051, 106.131715);
INSERT INTO "merchants" ("merchant_id", "merchant_code", "merchant_name", "merchant_category", "city", "country", "risk_level", "is_blacklisted", "created_at", "latitude", "longitude") VALUES ('0f6a1d4d-8f53-4e2b-b019-832e887a9b78', 'MERCH00053', 'Cửa hàng 53', 'TRAVEL', 'Hà Nội', 'Vietnam', 'MEDIUM', 0, TO_TIMESTAMP('2025-05-28 20:37:28', 'YYYY-MM-DD HH24:MI:SS'), 11.99457, 103.276421);
INSERT INTO "merchants" ("merchant_id", "merchant_code", "merchant_name", "merchant_category", "city", "country", "risk_level", "is_blacklisted", "created_at", "latitude", "longitude") VALUES ('2adf2555-b26f-4474-9050-84005008238f', 'MERCH00054', 'Cửa hàng 54', 'RETAIL', 'Hồ Chí Minh', 'Vietnam', 'HIGH', 0, TO_TIMESTAMP('2026-02-09 20:37:28', 'YYYY-MM-DD HH24:MI:SS'), 20.222811, 103.764704);
INSERT INTO "merchants" ("merchant_id", "merchant_code", "merchant_name", "merchant_category", "city", "country", "risk_level", "is_blacklisted", "created_at", "latitude", "longitude") VALUES ('1c3db20b-e69e-4be0-ba48-7d9f2c001a61', 'MERCH00055', 'Cửa hàng 55', 'RETAIL', 'Đà Lạt', 'Vietnam', 'LOW', 0, TO_TIMESTAMP('2025-11-30 20:37:28', 'YYYY-MM-DD HH24:MI:SS'), 9.960844, 102.369116);
INSERT INTO "merchants" ("merchant_id", "merchant_code", "merchant_name", "merchant_category", "city", "country", "risk_level", "is_blacklisted", "created_at", "latitude", "longitude") VALUES ('80bc452d-30da-4677-8e8e-0964ac80e8e6', 'MERCH00056', 'Cửa hàng 56', 'FOOD', 'Hà Nội', 'Vietnam', 'HIGH', 0, TO_TIMESTAMP('2026-03-26 20:37:28', 'YYYY-MM-DD HH24:MI:SS'), 21.693161, 108.663196);
INSERT INTO "merchants" ("merchant_id", "merchant_code", "merchant_name", "merchant_category", "city", "country", "risk_level", "is_blacklisted", "created_at", "latitude", "longitude") VALUES ('bd86a308-50d0-4d49-aa8d-b109e8354323', 'MERCH00057', 'Cửa hàng 57', 'TRAVEL', 'Hồ Chí Minh', 'Vietnam', 'MEDIUM', 0, TO_TIMESTAMP('2026-04-02 20:37:28', 'YYYY-MM-DD HH24:MI:SS'), 10.216455, 106.582474);
INSERT INTO "merchants" ("merchant_id", "merchant_code", "merchant_name", "merchant_category", "city", "country", "risk_level", "is_blacklisted", "created_at", "latitude", "longitude") VALUES ('5afcd642-5b5e-4d1a-848d-341aa99741b5', 'MERCH00058', 'Cửa hàng 58', 'FOOD', 'Hà Nội', 'Vietnam', 'LOW', 0, TO_TIMESTAMP('2025-07-01 20:37:28', 'YYYY-MM-DD HH24:MI:SS'), 22.746694, 108.434976);
INSERT INTO "merchants" ("merchant_id", "merchant_code", "merchant_name", "merchant_category", "city", "country", "risk_level", "is_blacklisted", "created_at", "latitude", "longitude") VALUES ('ee990e4f-82a3-4cc8-af0d-0db739aede99', 'MERCH00059', 'Cửa hàng 59', 'ENTERTAINMENT', 'Hồ Chí Minh', 'Vietnam', 'MEDIUM', 0, TO_TIMESTAMP('2025-09-15 20:37:28', 'YYYY-MM-DD HH24:MI:SS'), 19.902512, 106.240505);
INSERT INTO "merchants" ("merchant_id", "merchant_code", "merchant_name", "merchant_category", "city", "country", "risk_level", "is_blacklisted", "created_at", "latitude", "longitude") VALUES ('3e3d3c09-4fd7-48e6-afc6-4c8e86a0d9eb', 'MERCH00060', 'Cửa hàng 60', 'ENTERTAINMENT', 'Hà Nội', 'Vietnam', 'HIGH', 0, TO_TIMESTAMP('2025-10-04 20:37:28', 'YYYY-MM-DD HH24:MI:SS'), 8.190218, 104.422555);
INSERT INTO "merchants" ("merchant_id", "merchant_code", "merchant_name", "merchant_category", "city", "country", "risk_level", "is_blacklisted", "created_at", "latitude", "longitude") VALUES ('4cfe50b0-a7d5-483d-b72b-36f84dcdaae1', 'MERCH00061', 'Cửa hàng 61', 'FOOD', 'Hà Nội', 'Vietnam', 'LOW', 0, TO_TIMESTAMP('2025-10-15 20:37:28', 'YYYY-MM-DD HH24:MI:SS'), 19.344444, 105.588799);
INSERT INTO "merchants" ("merchant_id", "merchant_code", "merchant_name", "merchant_category", "city", "country", "risk_level", "is_blacklisted", "created_at", "latitude", "longitude") VALUES ('04a18c62-eefe-4c08-8d7e-56a302935f7a', 'MERCH00062', 'Cửa hàng 62', 'ENTERTAINMENT', 'Hà Nội', 'Vietnam', 'HIGH', 0, TO_TIMESTAMP('2025-07-27 20:37:28', 'YYYY-MM-DD HH24:MI:SS'), 21.252413, 105.385234);
INSERT INTO "merchants" ("merchant_id", "merchant_code", "merchant_name", "merchant_category", "city", "country", "risk_level", "is_blacklisted", "created_at", "latitude", "longitude") VALUES ('21ba0428-b727-41c3-a168-05e72d67983f', 'MERCH00063', 'Cửa hàng 63', 'RETAIL', 'Hồ Chí Minh', 'Vietnam', 'MEDIUM', 0, TO_TIMESTAMP('2025-05-20 20:37:28', 'YYYY-MM-DD HH24:MI:SS'), 20.304751, 105.390002);
INSERT INTO "merchants" ("merchant_id", "merchant_code", "merchant_name", "merchant_category", "city", "country", "risk_level", "is_blacklisted", "created_at", "latitude", "longitude") VALUES ('eb24f05b-ea81-40d1-829f-7f8cec96f735', 'MERCH00064', 'Cửa hàng 64', 'ENTERTAINMENT', 'Hồ Chí Minh', 'Vietnam', 'LOW', 0, TO_TIMESTAMP('2025-09-17 20:37:28', 'YYYY-MM-DD HH24:MI:SS'), 8.120963, 106.973977);
INSERT INTO "merchants" ("merchant_id", "merchant_code", "merchant_name", "merchant_category", "city", "country", "risk_level", "is_blacklisted", "created_at", "latitude", "longitude") VALUES ('f1cda6f1-ef2c-47ae-8fe2-e22ab5ecc26c', 'MERCH00065', 'Cửa hàng 65', 'RETAIL', 'Đà Lạt', 'Vietnam', 'HIGH', 0, TO_TIMESTAMP('2026-04-10 20:37:28', 'YYYY-MM-DD HH24:MI:SS'), 19.394708, 104.454606);
INSERT INTO "merchants" ("merchant_id", "merchant_code", "merchant_name", "merchant_category", "city", "country", "risk_level", "is_blacklisted", "created_at", "latitude", "longitude") VALUES ('66566d71-e14c-4c7c-b9fa-387beb381932', 'MERCH00066', 'Cửa hàng 66', 'FOOD', 'Hà Nội', 'Vietnam', 'HIGH', 0, TO_TIMESTAMP('2026-03-21 20:37:28', 'YYYY-MM-DD HH24:MI:SS'), 20.264187, 103.052087);
INSERT INTO "merchants" ("merchant_id", "merchant_code", "merchant_name", "merchant_category", "city", "country", "risk_level", "is_blacklisted", "created_at", "latitude", "longitude") VALUES ('6dbb230b-9ef7-4f9e-b31b-f9903db16fc9', 'MERCH00067', 'Cửa hàng 67', 'FOOD', 'Đà Lạt', 'Vietnam', 'MEDIUM', 0, TO_TIMESTAMP('2025-11-27 20:37:28', 'YYYY-MM-DD HH24:MI:SS'), 9.628559, 104.621812);
INSERT INTO "merchants" ("merchant_id", "merchant_code", "merchant_name", "merchant_category", "city", "country", "risk_level", "is_blacklisted", "created_at", "latitude", "longitude") VALUES ('0174c3a3-f9d6-4b30-a55f-ffe8aafdbac7', 'MERCH00068', 'Cửa hàng 68', 'TRAVEL', 'Đà Lạt', 'Vietnam', 'MEDIUM', 0, TO_TIMESTAMP('2025-09-13 20:37:28', 'YYYY-MM-DD HH24:MI:SS'), 16.272013, 105.718201);
INSERT INTO "merchants" ("merchant_id", "merchant_code", "merchant_name", "merchant_category", "city", "country", "risk_level", "is_blacklisted", "created_at", "latitude", "longitude") VALUES ('39b6cb0c-13fa-42f5-8b5a-1453a6fc07ae', 'MERCH00069', 'Cửa hàng 69', 'FOOD', 'Đà Lạt', 'Vietnam', 'MEDIUM', 0, TO_TIMESTAMP('2025-05-05 20:37:28', 'YYYY-MM-DD HH24:MI:SS'), 15.768893, 103.61857);
INSERT INTO "merchants" ("merchant_id", "merchant_code", "merchant_name", "merchant_category", "city", "country", "risk_level", "is_blacklisted", "created_at", "latitude", "longitude") VALUES ('a9485b4b-7530-4d8a-9f4a-37d8f8332a71', 'MERCH00070', 'Cửa hàng 70', 'ENTERTAINMENT', 'Hồ Chí Minh', 'Vietnam', 'LOW', 0, TO_TIMESTAMP('2026-03-15 20:37:28', 'YYYY-MM-DD HH24:MI:SS'), 13.058283, 106.085017);
INSERT INTO "merchants" ("merchant_id", "merchant_code", "merchant_name", "merchant_category", "city", "country", "risk_level", "is_blacklisted", "created_at", "latitude", "longitude") VALUES ('dc12d2f0-d407-49d0-897a-823b17e7c6ac', 'MERCH00071', 'Cửa hàng 71', 'RETAIL', 'Đà Lạt', 'Vietnam', 'HIGH', 0, TO_TIMESTAMP('2025-12-17 20:37:28', 'YYYY-MM-DD HH24:MI:SS'), 19.506709, 108.683091);
INSERT INTO "merchants" ("merchant_id", "merchant_code", "merchant_name", "merchant_category", "city", "country", "risk_level", "is_blacklisted", "created_at", "latitude", "longitude") VALUES ('7ee62f98-871d-4905-94c7-fdcc0d51777f', 'MERCH00072', 'Cửa hàng 72', 'RETAIL', 'Hà Nội', 'Vietnam', 'LOW', 0, TO_TIMESTAMP('2025-09-27 20:37:28', 'YYYY-MM-DD HH24:MI:SS'), 22.481131, 104.216915);
INSERT INTO "merchants" ("merchant_id", "merchant_code", "merchant_name", "merchant_category", "city", "country", "risk_level", "is_blacklisted", "created_at", "latitude", "longitude") VALUES ('cfe5f0ba-c76c-4aa3-9ff9-d3972b2ece1e', 'MERCH00073', 'Cửa hàng 73', 'RETAIL', 'Đà Lạt', 'Vietnam', 'HIGH', 0, TO_TIMESTAMP('2025-11-04 20:37:28', 'YYYY-MM-DD HH24:MI:SS'), 12.051533, 103.759428);
INSERT INTO "merchants" ("merchant_id", "merchant_code", "merchant_name", "merchant_category", "city", "country", "risk_level", "is_blacklisted", "created_at", "latitude", "longitude") VALUES ('20fed802-4ee9-4eb9-bde8-a9290c40ea3f', 'MERCH00074', 'Cửa hàng 74', 'TRAVEL', 'Hà Nội', 'Vietnam', 'MEDIUM', 0, TO_TIMESTAMP('2025-12-18 20:37:28', 'YYYY-MM-DD HH24:MI:SS'), 20.302519, 102.871072);
INSERT INTO "merchants" ("merchant_id", "merchant_code", "merchant_name", "merchant_category", "city", "country", "risk_level", "is_blacklisted", "created_at", "latitude", "longitude") VALUES ('09c11729-1c0e-46cf-8381-1e07ebaf375b', 'MERCH00075', 'Cửa hàng 75', 'RETAIL', 'Hà Nội', 'Vietnam', 'MEDIUM', 0, TO_TIMESTAMP('2025-10-12 20:37:28', 'YYYY-MM-DD HH24:MI:SS'), 16.984477, 107.628901);
INSERT INTO "merchants" ("merchant_id", "merchant_code", "merchant_name", "merchant_category", "city", "country", "risk_level", "is_blacklisted", "created_at", "latitude", "longitude") VALUES ('1a2a1b1b-cf1c-43b2-8b70-10138c8763d6', 'MERCH00076', 'Cửa hàng 76', 'ENTERTAINMENT', 'Hà Nội', 'Vietnam', 'MEDIUM', 0, TO_TIMESTAMP('2025-12-20 20:37:28', 'YYYY-MM-DD HH24:MI:SS'), 15.998756, 103.01102);
INSERT INTO "merchants" ("merchant_id", "merchant_code", "merchant_name", "merchant_category", "city", "country", "risk_level", "is_blacklisted", "created_at", "latitude", "longitude") VALUES ('188e7f9a-61dc-4bfc-9996-41e3a5ba7c82', 'MERCH00077', 'Cửa hàng 77', 'ENTERTAINMENT', 'Đà Lạt', 'Vietnam', 'LOW', 0, TO_TIMESTAMP('2025-12-07 20:37:28', 'YYYY-MM-DD HH24:MI:SS'), 17.553282, 102.891154);
INSERT INTO "merchants" ("merchant_id", "merchant_code", "merchant_name", "merchant_category", "city", "country", "risk_level", "is_blacklisted", "created_at", "latitude", "longitude") VALUES ('5072f783-4ac4-4ae8-8303-89b9c8696dca', 'MERCH00078', 'Cửa hàng 78', 'TRAVEL', 'Đà Lạt', 'Vietnam', 'MEDIUM', 0, TO_TIMESTAMP('2026-01-29 20:37:28', 'YYYY-MM-DD HH24:MI:SS'), 14.840344, 105.609812);
INSERT INTO "merchants" ("merchant_id", "merchant_code", "merchant_name", "merchant_category", "city", "country", "risk_level", "is_blacklisted", "created_at", "latitude", "longitude") VALUES ('34fbd2c7-d9b2-4e9f-8977-e51b39410ce1', 'MERCH00079', 'Cửa hàng 79', 'TRAVEL', 'Hà Nội', 'Vietnam', 'LOW', 0, TO_TIMESTAMP('2026-02-19 20:37:28', 'YYYY-MM-DD HH24:MI:SS'), 15.95896, 104.847194);
INSERT INTO "merchants" ("merchant_id", "merchant_code", "merchant_name", "merchant_category", "city", "country", "risk_level", "is_blacklisted", "created_at", "latitude", "longitude") VALUES ('f07b2fce-0022-4546-94d9-57540d02a503', 'MERCH00080', 'Cửa hàng 80', 'RETAIL', 'Hà Nội', 'Vietnam', 'LOW', 0, TO_TIMESTAMP('2025-07-29 20:37:28', 'YYYY-MM-DD HH24:MI:SS'), 15.337534, 106.882254);
INSERT INTO "merchants" ("merchant_id", "merchant_code", "merchant_name", "merchant_category", "city", "country", "risk_level", "is_blacklisted", "created_at", "latitude", "longitude") VALUES ('076bd6b6-afff-4dbd-82f9-f859b9409671', 'MERCH00081', 'Cửa hàng 81', 'FOOD', 'Đà Lạt', 'Vietnam', 'MEDIUM', 0, TO_TIMESTAMP('2025-04-19 20:37:28', 'YYYY-MM-DD HH24:MI:SS'), 8.411411, 105.026392);
INSERT INTO "merchants" ("merchant_id", "merchant_code", "merchant_name", "merchant_category", "city", "country", "risk_level", "is_blacklisted", "created_at", "latitude", "longitude") VALUES ('99241e8c-ea75-425b-b292-fb970f0d2070', 'MERCH00082', 'Cửa hàng 82', 'RETAIL', 'Đà Lạt', 'Vietnam', 'HIGH', 0, TO_TIMESTAMP('2025-11-09 20:37:28', 'YYYY-MM-DD HH24:MI:SS'), 16.164878, 105.963156);
INSERT INTO "merchants" ("merchant_id", "merchant_code", "merchant_name", "merchant_category", "city", "country", "risk_level", "is_blacklisted", "created_at", "latitude", "longitude") VALUES ('13f15ac3-a288-4b8a-8bca-864d2a6bb683', 'MERCH00083', 'Cửa hàng 83', 'TRAVEL', 'Hà Nội', 'Vietnam', 'LOW', 0, TO_TIMESTAMP('2025-04-20 20:37:28', 'YYYY-MM-DD HH24:MI:SS'), 17.111529, 103.394004);
INSERT INTO "merchants" ("merchant_id", "merchant_code", "merchant_name", "merchant_category", "city", "country", "risk_level", "is_blacklisted", "created_at", "latitude", "longitude") VALUES ('a9f52635-2b5e-4edd-964e-9f0461376e65', 'MERCH00084', 'Cửa hàng 84', 'TRAVEL', 'Hồ Chí Minh', 'Vietnam', 'HIGH', 0, TO_TIMESTAMP('2025-08-15 20:37:28', 'YYYY-MM-DD HH24:MI:SS'), 18.866701, 105.952554);
INSERT INTO "merchants" ("merchant_id", "merchant_code", "merchant_name", "merchant_category", "city", "country", "risk_level", "is_blacklisted", "created_at", "latitude", "longitude") VALUES ('415afe59-1b14-46da-b8ff-413a7b39d0ed', 'MERCH00085', 'Cửa hàng 85', 'RETAIL', 'Hồ Chí Minh', 'Vietnam', 'MEDIUM', 0, TO_TIMESTAMP('2025-09-19 20:37:28', 'YYYY-MM-DD HH24:MI:SS'), 15.609887, 107.364038);
INSERT INTO "merchants" ("merchant_id", "merchant_code", "merchant_name", "merchant_category", "city", "country", "risk_level", "is_blacklisted", "created_at", "latitude", "longitude") VALUES ('9e119099-28e9-4f9a-9340-5151c8744d2f', 'MERCH00086', 'Cửa hàng 86', 'RETAIL', 'Hà Nội', 'Vietnam', 'LOW', 0, TO_TIMESTAMP('2025-05-08 20:37:28', 'YYYY-MM-DD HH24:MI:SS'), 8.29361, 104.117705);
INSERT INTO "merchants" ("merchant_id", "merchant_code", "merchant_name", "merchant_category", "city", "country", "risk_level", "is_blacklisted", "created_at", "latitude", "longitude") VALUES ('2de91bdf-e313-4bdf-b7df-1881873c0eaf', 'MERCH00087', 'Cửa hàng 87', 'RETAIL', 'Đà Lạt', 'Vietnam', 'HIGH', 0, TO_TIMESTAMP('2026-01-18 20:37:28', 'YYYY-MM-DD HH24:MI:SS'), 8.141874, 108.574459);
INSERT INTO "merchants" ("merchant_id", "merchant_code", "merchant_name", "merchant_category", "city", "country", "risk_level", "is_blacklisted", "created_at", "latitude", "longitude") VALUES ('63fb374d-fece-4590-a9e7-4e7f8053dea2', 'MERCH00088', 'Cửa hàng 88', 'FOOD', 'Đà Lạt', 'Vietnam', 'LOW', 0, TO_TIMESTAMP('2025-12-03 20:37:28', 'YYYY-MM-DD HH24:MI:SS'), 16.138497, 108.976726);
INSERT INTO "merchants" ("merchant_id", "merchant_code", "merchant_name", "merchant_category", "city", "country", "risk_level", "is_blacklisted", "created_at", "latitude", "longitude") VALUES ('ab25a92b-9ff9-40a1-8fd2-2cfc781fe7de', 'MERCH00089', 'Cửa hàng 89', 'TRAVEL', 'Hà Nội', 'Vietnam', 'HIGH', 0, TO_TIMESTAMP('2026-03-06 20:37:28', 'YYYY-MM-DD HH24:MI:SS'), 16.870736, 107.611459);
INSERT INTO "merchants" ("merchant_id", "merchant_code", "merchant_name", "merchant_category", "city", "country", "risk_level", "is_blacklisted", "created_at", "latitude", "longitude") VALUES ('0cf3a19a-093f-47d7-9939-1a31908d3d15', 'MERCH00090', 'Cửa hàng 90', 'RETAIL', 'Đà Lạt', 'Vietnam', 'LOW', 0, TO_TIMESTAMP('2025-08-25 20:37:28', 'YYYY-MM-DD HH24:MI:SS'), 21.673355, 105.112224);
INSERT INTO "merchants" ("merchant_id", "merchant_code", "merchant_name", "merchant_category", "city", "country", "risk_level", "is_blacklisted", "created_at", "latitude", "longitude") VALUES ('ec134621-901a-494d-804b-eae9b1c6a2d9', 'MERCH00091', 'Cửa hàng 91', 'RETAIL', 'Hồ Chí Minh', 'Vietnam', 'LOW', 0, TO_TIMESTAMP('2025-04-21 20:37:28', 'YYYY-MM-DD HH24:MI:SS'), 8.01353, 102.352594);
INSERT INTO "merchants" ("merchant_id", "merchant_code", "merchant_name", "merchant_category", "city", "country", "risk_level", "is_blacklisted", "created_at", "latitude", "longitude") VALUES ('277425b5-d023-46bb-bd2a-df23a7dc0622', 'MERCH00092', 'Cửa hàng 92', 'FOOD', 'Hà Nội', 'Vietnam', 'LOW', 0, TO_TIMESTAMP('2025-08-24 20:37:28', 'YYYY-MM-DD HH24:MI:SS'), 15.295117, 106.903491);
INSERT INTO "merchants" ("merchant_id", "merchant_code", "merchant_name", "merchant_category", "city", "country", "risk_level", "is_blacklisted", "created_at", "latitude", "longitude") VALUES ('12ddceb1-547e-4113-9730-9b1875c003c8', 'MERCH00093', 'Cửa hàng 93', 'TRAVEL', 'Đà Lạt', 'Vietnam', 'LOW', 0, TO_TIMESTAMP('2026-03-19 20:37:28', 'YYYY-MM-DD HH24:MI:SS'), 14.038839, 103.228741);
INSERT INTO "merchants" ("merchant_id", "merchant_code", "merchant_name", "merchant_category", "city", "country", "risk_level", "is_blacklisted", "created_at", "latitude", "longitude") VALUES ('f76d58ae-da11-473f-a8e4-bfd9c84423da', 'MERCH00094', 'Cửa hàng 94', 'TRAVEL', 'Hồ Chí Minh', 'Vietnam', 'LOW', 0, TO_TIMESTAMP('2025-07-20 20:37:28', 'YYYY-MM-DD HH24:MI:SS'), 12.258812, 106.137111);
INSERT INTO "merchants" ("merchant_id", "merchant_code", "merchant_name", "merchant_category", "city", "country", "risk_level", "is_blacklisted", "created_at", "latitude", "longitude") VALUES ('9e84e141-f3ed-4268-ad20-14390ed0dbdd', 'MERCH00095', 'Cửa hàng 95', 'FOOD', 'Hà Nội', 'Vietnam', 'HIGH', 0, TO_TIMESTAMP('2025-08-17 20:37:28', 'YYYY-MM-DD HH24:MI:SS'), 10.405406, 105.957241);
INSERT INTO "merchants" ("merchant_id", "merchant_code", "merchant_name", "merchant_category", "city", "country", "risk_level", "is_blacklisted", "created_at", "latitude", "longitude") VALUES ('c350454a-966c-49d5-8c63-fb2e5df457b6', 'MERCH00096', 'Cửa hàng 96', 'RETAIL', 'Hồ Chí Minh', 'Vietnam', 'HIGH', 0, TO_TIMESTAMP('2025-05-02 20:37:28', 'YYYY-MM-DD HH24:MI:SS'), 18.847445, 105.503001);
INSERT INTO "merchants" ("merchant_id", "merchant_code", "merchant_name", "merchant_category", "city", "country", "risk_level", "is_blacklisted", "created_at", "latitude", "longitude") VALUES ('1a6f6a05-9c15-4567-9d86-1b3311d85c45', 'MERCH00097', 'Cửa hàng 97', 'RETAIL', 'Hà Nội', 'Vietnam', 'LOW', 0, TO_TIMESTAMP('2026-01-27 20:37:28', 'YYYY-MM-DD HH24:MI:SS'), 9.85604, 105.090584);
INSERT INTO "merchants" ("merchant_id", "merchant_code", "merchant_name", "merchant_category", "city", "country", "risk_level", "is_blacklisted", "created_at", "latitude", "longitude") VALUES ('0f8fc91c-bfe9-4096-9af7-c3a4fa8dcc06', 'MERCH00098', 'Cửa hàng 98', 'RETAIL', 'Đà Lạt', 'Vietnam', 'MEDIUM', 0, TO_TIMESTAMP('2025-09-23 20:37:28', 'YYYY-MM-DD HH24:MI:SS'), 18.064619, 103.345786);
INSERT INTO "merchants" ("merchant_id", "merchant_code", "merchant_name", "merchant_category", "city", "country", "risk_level", "is_blacklisted", "created_at", "latitude", "longitude") VALUES ('d1d0baa6-b60a-4352-ba1c-4d3fcab8924f', 'MERCH00099', 'Cửa hàng 99', 'ENTERTAINMENT', 'Hà Nội', 'Vietnam', 'HIGH', 0, TO_TIMESTAMP('2025-11-30 20:37:28', 'YYYY-MM-DD HH24:MI:SS'), 14.391396, 108.975834);
INSERT INTO "merchants" ("merchant_id", "merchant_code", "merchant_name", "merchant_category", "city", "country", "risk_level", "is_blacklisted", "created_at", "latitude", "longitude") VALUES ('62667a92-ac81-4d27-b625-48e9b7c76fc6', 'MERCH00100', 'Cửa hàng 100', 'RETAIL', 'Hồ Chí Minh', 'Vietnam', 'MEDIUM', 0, TO_TIMESTAMP('2026-03-24 20:37:28', 'YYYY-MM-DD HH24:MI:SS'), 9.987542, 104.510745);

INSERT INTO "transactions_live" ("txn_id", "customer_id", "merchant_id", "channel_id", "card_number_masked", "amount", "currency_code", "txn_time", "status", "fraud_score", "created_at") VALUES ('9983eeaa-1dc0-4fa9-9a6d-f72003a9e6ff', '2137e3e6-e89f-42a4-917c-faca8e9aad08', '0c27757c-dd93-4d6f-8568-f6d1e6dce7b2', 1, '4222********8719', 55.29, 'VND', TO_TIMESTAMP('2026-01-14 20:37:28', 'YYYY-MM-DD HH24:MI:SS'), 'APPROVED', 0.0684, TO_TIMESTAMP('2026-01-14 20:37:28', 'YYYY-MM-DD HH24:MI:SS'));
INSERT INTO "txn_state" ("txn_id", "status", "last_update", "retry_count", "version") VALUES ('9983eeaa-1dc0-4fa9-9a6d-f72003a9e6ff', 'APPROVED', TO_TIMESTAMP('2026-01-14 20:37:28', 'YYYY-MM-DD HH24:MI:SS'), 0, 1);
INSERT INTO "transactions_live" ("txn_id", "customer_id", "merchant_id", "channel_id", "card_number_masked", "amount", "currency_code", "txn_time", "status", "fraud_score", "created_at") VALUES ('5c5ee7be-8a16-4941-b693-7f6aabde2601', 'cf9044ce-f8e0-459b-b311-e24419a27b9f', 'ec134621-901a-494d-804b-eae9b1c6a2d9', 1, '4222********2395', 6321.24, 'VND', TO_TIMESTAMP('2026-04-03 20:37:28', 'YYYY-MM-DD HH24:MI:SS'), 'REJECTED', 0.4697, TO_TIMESTAMP('2026-04-03 20:37:28', 'YYYY-MM-DD HH24:MI:SS'));
INSERT INTO "txn_state" ("txn_id", "status", "last_update", "retry_count", "version") VALUES ('5c5ee7be-8a16-4941-b693-7f6aabde2601', 'REJECTED', TO_TIMESTAMP('2026-04-03 20:37:28', 'YYYY-MM-DD HH24:MI:SS'), 0, 1);
INSERT INTO "transactions_live" ("txn_id", "customer_id", "merchant_id", "channel_id", "card_number_masked", "amount", "currency_code", "txn_time", "status", "fraud_score", "created_at") VALUES ('8e56d0de-46bd-4b55-bab2-6ed97ff1cf4f', '620a5907-9962-495a-8481-12fe9ba17d7d', 'e693e821-f00f-4d40-971c-6c3974add380', 3, '4222********1705', 421.68, 'VND', TO_TIMESTAMP('2026-02-11 20:37:28', 'YYYY-MM-DD HH24:MI:SS'), 'REJECTED', 0.8858, TO_TIMESTAMP('2026-02-11 20:37:28', 'YYYY-MM-DD HH24:MI:SS'));
INSERT INTO "txn_state" ("txn_id", "status", "last_update", "retry_count", "version") VALUES ('8e56d0de-46bd-4b55-bab2-6ed97ff1cf4f', 'REJECTED', TO_TIMESTAMP('2026-02-11 20:37:28', 'YYYY-MM-DD HH24:MI:SS'), 0, 1);
INSERT INTO "transactions_live" ("txn_id", "customer_id", "merchant_id", "channel_id", "card_number_masked", "amount", "currency_code", "txn_time", "status", "fraud_score", "created_at") VALUES ('49b887f2-0cc9-4d1d-bf04-81ca0cd94c9b', '9611a284-4d5c-46f1-9576-a18006e7c38e', 'eef10b05-943b-4c89-9a1f-397731a32c63', 2, '4222********2894', 2495.3, 'VND', TO_TIMESTAMP('2026-04-01 20:37:28', 'YYYY-MM-DD HH24:MI:SS'), 'APPROVED', 0.2906, TO_TIMESTAMP('2026-04-01 20:37:28', 'YYYY-MM-DD HH24:MI:SS'));
INSERT INTO "txn_state" ("txn_id", "status", "last_update", "retry_count", "version") VALUES ('49b887f2-0cc9-4d1d-bf04-81ca0cd94c9b', 'APPROVED', TO_TIMESTAMP('2026-04-01 20:37:28', 'YYYY-MM-DD HH24:MI:SS'), 0, 1);
INSERT INTO "transactions_live" ("txn_id", "customer_id", "merchant_id", "channel_id", "card_number_masked", "amount", "currency_code", "txn_time", "status", "fraud_score", "created_at") VALUES ('ff6a1dfa-34d0-4f38-ad6c-0b1a877d9c39', 'ab5c69f9-28d2-4707-9b88-9d1a1e14a657', '80bc452d-30da-4677-8e8e-0964ac80e8e6', 3, '4222********2073', 5772.22, 'VND', TO_TIMESTAMP('2026-02-13 20:37:28', 'YYYY-MM-DD HH24:MI:SS'), 'MANUAL_REVIEW', 0.5211, TO_TIMESTAMP('2026-02-13 20:37:28', 'YYYY-MM-DD HH24:MI:SS'));
INSERT INTO "txn_state" ("txn_id", "status", "last_update", "retry_count", "version") VALUES ('ff6a1dfa-34d0-4f38-ad6c-0b1a877d9c39', 'MANUAL_REVIEW', TO_TIMESTAMP('2026-02-13 20:37:28', 'YYYY-MM-DD HH24:MI:SS'), 0, 1);
INSERT INTO "transactions_live" ("txn_id", "customer_id", "merchant_id", "channel_id", "card_number_masked", "amount", "currency_code", "txn_time", "status", "fraud_score", "created_at") VALUES ('33b18dbe-7316-473d-9075-945655e5be18', 'e8e4aa71-a238-47dd-abe6-994d6a8ce7a2', '3e3d3c09-4fd7-48e6-afc6-4c8e86a0d9eb', 3, '4222********6654', 7053.42, 'VND', TO_TIMESTAMP('2026-03-22 20:37:28', 'YYYY-MM-DD HH24:MI:SS'), 'REJECTED', 0.3548, TO_TIMESTAMP('2026-03-22 20:37:28', 'YYYY-MM-DD HH24:MI:SS'));
INSERT INTO "txn_state" ("txn_id", "status", "last_update", "retry_count", "version") VALUES ('33b18dbe-7316-473d-9075-945655e5be18', 'REJECTED', TO_TIMESTAMP('2026-03-22 20:37:28', 'YYYY-MM-DD HH24:MI:SS'), 0, 1);
INSERT INTO "transactions_live" ("txn_id", "customer_id", "merchant_id", "channel_id", "card_number_masked", "amount", "currency_code", "txn_time", "status", "fraud_score", "created_at") VALUES ('cf6be01a-089c-46ab-9af0-cd46df31b91a', '862dfdc8-0ffa-4e70-9d64-709514970f4c', 'a9f52635-2b5e-4edd-964e-9f0461376e65', 1, '4222********2745', 5378.75, 'VND', TO_TIMESTAMP('2026-01-16 20:37:28', 'YYYY-MM-DD HH24:MI:SS'), 'MANUAL_REVIEW', 0.9434, TO_TIMESTAMP('2026-01-16 20:37:28', 'YYYY-MM-DD HH24:MI:SS'));
INSERT INTO "txn_state" ("txn_id", "status", "last_update", "retry_count", "version") VALUES ('cf6be01a-089c-46ab-9af0-cd46df31b91a', 'MANUAL_REVIEW', TO_TIMESTAMP('2026-01-16 20:37:28', 'YYYY-MM-DD HH24:MI:SS'), 0, 1);
INSERT INTO "transactions_live" ("txn_id", "customer_id", "merchant_id", "channel_id", "card_number_masked", "amount", "currency_code", "txn_time", "status", "fraud_score", "created_at") VALUES ('115bd5e4-aa5c-485a-a396-8ab762a416a1', '64382cd2-b8ee-42ba-8866-ce9ef4ef4748', 'd1d0baa6-b60a-4352-ba1c-4d3fcab8924f', 1, '4222********3387', 3482.96, 'VND', TO_TIMESTAMP('2026-04-02 20:37:28', 'YYYY-MM-DD HH24:MI:SS'), 'APPROVED', 0.5684, TO_TIMESTAMP('2026-04-02 20:37:28', 'YYYY-MM-DD HH24:MI:SS'));
INSERT INTO "txn_state" ("txn_id", "status", "last_update", "retry_count", "version") VALUES ('115bd5e4-aa5c-485a-a396-8ab762a416a1', 'APPROVED', TO_TIMESTAMP('2026-04-02 20:37:28', 'YYYY-MM-DD HH24:MI:SS'), 0, 1);
INSERT INTO "transactions_live" ("txn_id", "customer_id", "merchant_id", "channel_id", "card_number_masked", "amount", "currency_code", "txn_time", "status", "fraud_score", "created_at") VALUES ('1f633e2e-f2db-45d0-a3ee-fff1dc516fbe', '4b9af179-15f0-4491-89ba-53eb792f90f4', '80bc452d-30da-4677-8e8e-0964ac80e8e6', 1, '4222********9296', 9452.18, 'VND', TO_TIMESTAMP('2026-01-26 20:37:28', 'YYYY-MM-DD HH24:MI:SS'), 'APPROVED', 0.49, TO_TIMESTAMP('2026-01-26 20:37:28', 'YYYY-MM-DD HH24:MI:SS'));
INSERT INTO "txn_state" ("txn_id", "status", "last_update", "retry_count", "version") VALUES ('1f633e2e-f2db-45d0-a3ee-fff1dc516fbe', 'APPROVED', TO_TIMESTAMP('2026-01-26 20:37:28', 'YYYY-MM-DD HH24:MI:SS'), 0, 1);
INSERT INTO "transactions_live" ("txn_id", "customer_id", "merchant_id", "channel_id", "card_number_masked", "amount", "currency_code", "txn_time", "status", "fraud_score", "created_at") VALUES ('a6d40c39-c6b8-44b2-a2bf-9aa8bf96d349', '8a38d3f3-0442-41bf-bec7-e9795823602a', '9e119099-28e9-4f9a-9340-5151c8744d2f', 1, '4222********8728', 4802.33, 'VND', TO_TIMESTAMP('2026-03-28 20:37:28', 'YYYY-MM-DD HH24:MI:SS'), 'MANUAL_REVIEW', 0.8443, TO_TIMESTAMP('2026-03-28 20:37:28', 'YYYY-MM-DD HH24:MI:SS'));
INSERT INTO "txn_state" ("txn_id", "status", "last_update", "retry_count", "version") VALUES ('a6d40c39-c6b8-44b2-a2bf-9aa8bf96d349', 'MANUAL_REVIEW', TO_TIMESTAMP('2026-03-28 20:37:28', 'YYYY-MM-DD HH24:MI:SS'), 0, 1);
INSERT INTO "transactions_live" ("txn_id", "customer_id", "merchant_id", "channel_id", "card_number_masked", "amount", "currency_code", "txn_time", "status", "fraud_score", "created_at") VALUES ('963933bc-b8aa-458e-9efc-6b4a90885749', 'de0f18ce-fa8f-4a62-a330-ec233259fa46', '9e119099-28e9-4f9a-9340-5151c8744d2f', 3, '4222********9626', 7848.68, 'VND', TO_TIMESTAMP('2026-03-20 20:37:28', 'YYYY-MM-DD HH24:MI:SS'), 'REJECTED', 0.0793, TO_TIMESTAMP('2026-03-20 20:37:28', 'YYYY-MM-DD HH24:MI:SS'));
INSERT INTO "txn_state" ("txn_id", "status", "last_update", "retry_count", "version") VALUES ('963933bc-b8aa-458e-9efc-6b4a90885749', 'REJECTED', TO_TIMESTAMP('2026-03-20 20:37:28', 'YYYY-MM-DD HH24:MI:SS'), 0, 1);
INSERT INTO "transactions_live" ("txn_id", "customer_id", "merchant_id", "channel_id", "card_number_masked", "amount", "currency_code", "txn_time", "status", "fraud_score", "created_at") VALUES ('2f9a2bf2-f056-42de-91ff-7541bb731506', '2137e3e6-e89f-42a4-917c-faca8e9aad08', '7ee62f98-871d-4905-94c7-fdcc0d51777f', 3, '4222********8273', 5193.98, 'VND', TO_TIMESTAMP('2026-03-28 20:37:28', 'YYYY-MM-DD HH24:MI:SS'), 'MANUAL_REVIEW', 0.3915, TO_TIMESTAMP('2026-03-28 20:37:28', 'YYYY-MM-DD HH24:MI:SS'));
INSERT INTO "txn_state" ("txn_id", "status", "last_update", "retry_count", "version") VALUES ('2f9a2bf2-f056-42de-91ff-7541bb731506', 'MANUAL_REVIEW', TO_TIMESTAMP('2026-03-28 20:37:28', 'YYYY-MM-DD HH24:MI:SS'), 0, 1);
INSERT INTO "transactions_live" ("txn_id", "customer_id", "merchant_id", "channel_id", "card_number_masked", "amount", "currency_code", "txn_time", "status", "fraud_score", "created_at") VALUES ('b633239d-3a23-47cf-b543-583f14e1fa25', 'f3fe5363-99d7-468d-b7f0-deaf3cbb1977', '59e66d3c-a8be-4264-8462-64e7bdb179e4', 3, '4222********6848', 9145.17, 'VND', TO_TIMESTAMP('2026-04-12 20:37:28', 'YYYY-MM-DD HH24:MI:SS'), 'APPROVED', 0.0269, TO_TIMESTAMP('2026-04-12 20:37:28', 'YYYY-MM-DD HH24:MI:SS'));
INSERT INTO "txn_state" ("txn_id", "status", "last_update", "retry_count", "version") VALUES ('b633239d-3a23-47cf-b543-583f14e1fa25', 'APPROVED', TO_TIMESTAMP('2026-04-12 20:37:28', 'YYYY-MM-DD HH24:MI:SS'), 0, 1);
INSERT INTO "transactions_live" ("txn_id", "customer_id", "merchant_id", "channel_id", "card_number_masked", "amount", "currency_code", "txn_time", "status", "fraud_score", "created_at") VALUES ('c5faf249-6fb3-4faf-ae57-4addbaa0b3fb', 'fe147db7-ea11-4fd7-8fc9-c45557c366fd', '08e6796e-122e-4f62-b4b8-fc2bf78ab1d5', 2, '4222********7183', 9672.01, 'VND', TO_TIMESTAMP('2026-01-06 20:37:28', 'YYYY-MM-DD HH24:MI:SS'), 'APPROVED', 0.6705, TO_TIMESTAMP('2026-01-06 20:37:28', 'YYYY-MM-DD HH24:MI:SS'));
INSERT INTO "txn_state" ("txn_id", "status", "last_update", "retry_count", "version") VALUES ('c5faf249-6fb3-4faf-ae57-4addbaa0b3fb', 'APPROVED', TO_TIMESTAMP('2026-01-06 20:37:28', 'YYYY-MM-DD HH24:MI:SS'), 0, 1);
INSERT INTO "transactions_live" ("txn_id", "customer_id", "merchant_id", "channel_id", "card_number_masked", "amount", "currency_code", "txn_time", "status", "fraud_score", "created_at") VALUES ('8a2ff307-2fa1-4bc4-96aa-81394b9fa32e', 'e6297f22-ca8d-4d72-8282-813c10c55b0f', '0174c3a3-f9d6-4b30-a55f-ffe8aafdbac7', 1, '4222********5099', 3070.0, 'VND', TO_TIMESTAMP('2026-03-04 20:37:28', 'YYYY-MM-DD HH24:MI:SS'), 'MANUAL_REVIEW', 0.9039, TO_TIMESTAMP('2026-03-04 20:37:28', 'YYYY-MM-DD HH24:MI:SS'));
INSERT INTO "txn_state" ("txn_id", "status", "last_update", "retry_count", "version") VALUES ('8a2ff307-2fa1-4bc4-96aa-81394b9fa32e', 'MANUAL_REVIEW', TO_TIMESTAMP('2026-03-04 20:37:28', 'YYYY-MM-DD HH24:MI:SS'), 0, 1);
INSERT INTO "transactions_live" ("txn_id", "customer_id", "merchant_id", "channel_id", "card_number_masked", "amount", "currency_code", "txn_time", "status", "fraud_score", "created_at") VALUES ('3ae5d76a-6ce9-4ce4-8f60-01da7a0d8862', '2137e3e6-e89f-42a4-917c-faca8e9aad08', '31130238-ba11-4e9e-a2ec-d73005d2b478', 1, '4222********7040', 5096.83, 'VND', TO_TIMESTAMP('2026-02-20 20:37:28', 'YYYY-MM-DD HH24:MI:SS'), 'MANUAL_REVIEW', 0.4934, TO_TIMESTAMP('2026-02-20 20:37:28', 'YYYY-MM-DD HH24:MI:SS'));
INSERT INTO "txn_state" ("txn_id", "status", "last_update", "retry_count", "version") VALUES ('3ae5d76a-6ce9-4ce4-8f60-01da7a0d8862', 'MANUAL_REVIEW', TO_TIMESTAMP('2026-02-20 20:37:28', 'YYYY-MM-DD HH24:MI:SS'), 0, 1);
INSERT INTO "transactions_live" ("txn_id", "customer_id", "merchant_id", "channel_id", "card_number_masked", "amount", "currency_code", "txn_time", "status", "fraud_score", "created_at") VALUES ('b18716a5-a556-4ad6-b708-6b6e32f9dd6e', '2e2cf002-96d4-44e2-9451-58ff7a06c4c6', 'f650dadf-b8f1-4f75-8909-261a139ce88a', 3, '4222********3210', 2475.45, 'VND', TO_TIMESTAMP('2026-02-23 20:37:28', 'YYYY-MM-DD HH24:MI:SS'), 'APPROVED', 0.9641, TO_TIMESTAMP('2026-02-23 20:37:28', 'YYYY-MM-DD HH24:MI:SS'));
INSERT INTO "txn_state" ("txn_id", "status", "last_update", "retry_count", "version") VALUES ('b18716a5-a556-4ad6-b708-6b6e32f9dd6e', 'APPROVED', TO_TIMESTAMP('2026-02-23 20:37:28', 'YYYY-MM-DD HH24:MI:SS'), 0, 1);
INSERT INTO "transactions_live" ("txn_id", "customer_id", "merchant_id", "channel_id", "card_number_masked", "amount", "currency_code", "txn_time", "status", "fraud_score", "created_at") VALUES ('1ca80c42-665c-452e-9320-928b7e743a77', '21034a52-566e-4089-b5d6-ce36a2244678', 'eef10b05-943b-4c89-9a1f-397731a32c63', 1, '4222********8044', 9357.94, 'VND', TO_TIMESTAMP('2026-03-06 20:37:28', 'YYYY-MM-DD HH24:MI:SS'), 'PENDING', 0.0166, TO_TIMESTAMP('2026-03-06 20:37:28', 'YYYY-MM-DD HH24:MI:SS'));
INSERT INTO "txn_state" ("txn_id", "status", "last_update", "retry_count", "version") VALUES ('1ca80c42-665c-452e-9320-928b7e743a77', 'PENDING', TO_TIMESTAMP('2026-03-06 20:37:28', 'YYYY-MM-DD HH24:MI:SS'), 0, 1);
INSERT INTO "transactions_live" ("txn_id", "customer_id", "merchant_id", "channel_id", "card_number_masked", "amount", "currency_code", "txn_time", "status", "fraud_score", "created_at") VALUES ('9e3e69a6-fc49-4869-b88b-c1b3258dd5b7', 'ed6bac80-e8b2-4d60-9d01-dea9063f4be7', 'bd86a308-50d0-4d49-aa8d-b109e8354323', 1, '4222********5013', 1957.23, 'VND', TO_TIMESTAMP('2026-01-03 20:37:28', 'YYYY-MM-DD HH24:MI:SS'), 'REJECTED', 0.6891, TO_TIMESTAMP('2026-01-03 20:37:28', 'YYYY-MM-DD HH24:MI:SS'));
INSERT INTO "txn_state" ("txn_id", "status", "last_update", "retry_count", "version") VALUES ('9e3e69a6-fc49-4869-b88b-c1b3258dd5b7', 'REJECTED', TO_TIMESTAMP('2026-01-03 20:37:28', 'YYYY-MM-DD HH24:MI:SS'), 0, 1);
INSERT INTO "transactions_live" ("txn_id", "customer_id", "merchant_id", "channel_id", "card_number_masked", "amount", "currency_code", "txn_time", "status", "fraud_score", "created_at") VALUES ('f6a151fb-af69-4860-a011-57b1bcb0bee6', '4db69a0e-436f-4c7a-8807-50aa68523940', '6f55e4d6-79c2-4770-ab5a-3df5281f7cd4', 3, '4222********3190', 3977.21, 'VND', TO_TIMESTAMP('2026-02-13 20:37:28', 'YYYY-MM-DD HH24:MI:SS'), 'APPROVED', 0.7196, TO_TIMESTAMP('2026-02-13 20:37:28', 'YYYY-MM-DD HH24:MI:SS'));
INSERT INTO "txn_state" ("txn_id", "status", "last_update", "retry_count", "version") VALUES ('f6a151fb-af69-4860-a011-57b1bcb0bee6', 'APPROVED', TO_TIMESTAMP('2026-02-13 20:37:28', 'YYYY-MM-DD HH24:MI:SS'), 0, 1);
INSERT INTO "transactions_live" ("txn_id", "customer_id", "merchant_id", "channel_id", "card_number_masked", "amount", "currency_code", "txn_time", "status", "fraud_score", "created_at") VALUES ('aa522740-523e-406d-b862-d6c01818f239', 'c9aa9af5-ef87-4cc8-b27f-bd36b684fdb2', '9203d8f8-9024-4f40-9758-7ff731a93a7d', 1, '4222********4348', 233.42, 'VND', TO_TIMESTAMP('2026-02-15 20:37:28', 'YYYY-MM-DD HH24:MI:SS'), 'REJECTED', 0.6907, TO_TIMESTAMP('2026-02-15 20:37:28', 'YYYY-MM-DD HH24:MI:SS'));
INSERT INTO "txn_state" ("txn_id", "status", "last_update", "retry_count", "version") VALUES ('aa522740-523e-406d-b862-d6c01818f239', 'REJECTED', TO_TIMESTAMP('2026-02-15 20:37:28', 'YYYY-MM-DD HH24:MI:SS'), 0, 1);
INSERT INTO "transactions_live" ("txn_id", "customer_id", "merchant_id", "channel_id", "card_number_masked", "amount", "currency_code", "txn_time", "status", "fraud_score", "created_at") VALUES ('93e9ae19-faeb-4465-8455-6ab81294ba02', 'ed6bac80-e8b2-4d60-9d01-dea9063f4be7', '7efb423c-4903-41a5-af65-820ab69eb0c6', 1, '4222********2445', 4343.09, 'VND', TO_TIMESTAMP('2026-04-04 20:37:28', 'YYYY-MM-DD HH24:MI:SS'), 'PENDING', 0.2424, TO_TIMESTAMP('2026-04-04 20:37:28', 'YYYY-MM-DD HH24:MI:SS'));
INSERT INTO "txn_state" ("txn_id", "status", "last_update", "retry_count", "version") VALUES ('93e9ae19-faeb-4465-8455-6ab81294ba02', 'PENDING', TO_TIMESTAMP('2026-04-04 20:37:28', 'YYYY-MM-DD HH24:MI:SS'), 0, 1);
INSERT INTO "transactions_live" ("txn_id", "customer_id", "merchant_id", "channel_id", "card_number_masked", "amount", "currency_code", "txn_time", "status", "fraud_score", "created_at") VALUES ('bd0d448d-b55e-4f84-b2d4-281c9f57e45f', '1e33aa0a-6897-4040-b59a-62f9f9d8373a', 'cfe5f0ba-c76c-4aa3-9ff9-d3972b2ece1e', 2, '4222********2810', 648.23, 'VND', TO_TIMESTAMP('2026-03-26 20:37:28', 'YYYY-MM-DD HH24:MI:SS'), 'MANUAL_REVIEW', 0.7189, TO_TIMESTAMP('2026-03-26 20:37:28', 'YYYY-MM-DD HH24:MI:SS'));
INSERT INTO "txn_state" ("txn_id", "status", "last_update", "retry_count", "version") VALUES ('bd0d448d-b55e-4f84-b2d4-281c9f57e45f', 'MANUAL_REVIEW', TO_TIMESTAMP('2026-03-26 20:37:28', 'YYYY-MM-DD HH24:MI:SS'), 0, 1);
INSERT INTO "transactions_live" ("txn_id", "customer_id", "merchant_id", "channel_id", "card_number_masked", "amount", "currency_code", "txn_time", "status", "fraud_score", "created_at") VALUES ('784efe6c-aa66-4b25-9604-7e5d121e7c7f', '8a38d3f3-0442-41bf-bec7-e9795823602a', '0f6a1d4d-8f53-4e2b-b019-832e887a9b78', 1, '4222********2746', 9201.77, 'VND', TO_TIMESTAMP('2026-03-16 20:37:28', 'YYYY-MM-DD HH24:MI:SS'), 'APPROVED', 0.2938, TO_TIMESTAMP('2026-03-16 20:37:28', 'YYYY-MM-DD HH24:MI:SS'));
INSERT INTO "txn_state" ("txn_id", "status", "last_update", "retry_count", "version") VALUES ('784efe6c-aa66-4b25-9604-7e5d121e7c7f', 'APPROVED', TO_TIMESTAMP('2026-03-16 20:37:28', 'YYYY-MM-DD HH24:MI:SS'), 0, 1);
INSERT INTO "transactions_live" ("txn_id", "customer_id", "merchant_id", "channel_id", "card_number_masked", "amount", "currency_code", "txn_time", "status", "fraud_score", "created_at") VALUES ('b6ca8c58-c214-4e07-98c6-a9be0a2ebeb5', 'cabd33a7-6c05-4857-9016-f8e3d9fc8128', '39b6cb0c-13fa-42f5-8b5a-1453a6fc07ae', 1, '4222********3228', 2554.94, 'VND', TO_TIMESTAMP('2026-03-27 20:37:28', 'YYYY-MM-DD HH24:MI:SS'), 'REJECTED', 0.7156, TO_TIMESTAMP('2026-03-27 20:37:28', 'YYYY-MM-DD HH24:MI:SS'));
INSERT INTO "txn_state" ("txn_id", "status", "last_update", "retry_count", "version") VALUES ('b6ca8c58-c214-4e07-98c6-a9be0a2ebeb5', 'REJECTED', TO_TIMESTAMP('2026-03-27 20:37:28', 'YYYY-MM-DD HH24:MI:SS'), 0, 1);
INSERT INTO "transactions_live" ("txn_id", "customer_id", "merchant_id", "channel_id", "card_number_masked", "amount", "currency_code", "txn_time", "status", "fraud_score", "created_at") VALUES ('29517cbe-aa6e-4c8a-ad95-503b1efb3901', 'f66d9fea-d261-4b1a-a1c5-95a73ccfc1da', '80bc452d-30da-4677-8e8e-0964ac80e8e6', 1, '4222********5942', 4585.28, 'VND', TO_TIMESTAMP('2026-02-28 20:37:28', 'YYYY-MM-DD HH24:MI:SS'), 'MANUAL_REVIEW', 0.8949, TO_TIMESTAMP('2026-02-28 20:37:28', 'YYYY-MM-DD HH24:MI:SS'));
INSERT INTO "txn_state" ("txn_id", "status", "last_update", "retry_count", "version") VALUES ('29517cbe-aa6e-4c8a-ad95-503b1efb3901', 'MANUAL_REVIEW', TO_TIMESTAMP('2026-02-28 20:37:28', 'YYYY-MM-DD HH24:MI:SS'), 0, 1);
INSERT INTO "transactions_live" ("txn_id", "customer_id", "merchant_id", "channel_id", "card_number_masked", "amount", "currency_code", "txn_time", "status", "fraud_score", "created_at") VALUES ('ca70b27e-ed0a-44cb-95e5-484a6d00226c', '3f60e66d-a91d-4c23-a96a-7a76d48800ee', '5afcd642-5b5e-4d1a-848d-341aa99741b5', 3, '4222********7674', 771.79, 'VND', TO_TIMESTAMP('2026-03-10 20:37:28', 'YYYY-MM-DD HH24:MI:SS'), 'PENDING', 0.7216, TO_TIMESTAMP('2026-03-10 20:37:28', 'YYYY-MM-DD HH24:MI:SS'));
INSERT INTO "txn_state" ("txn_id", "status", "last_update", "retry_count", "version") VALUES ('ca70b27e-ed0a-44cb-95e5-484a6d00226c', 'PENDING', TO_TIMESTAMP('2026-03-10 20:37:28', 'YYYY-MM-DD HH24:MI:SS'), 0, 1);
INSERT INTO "transactions_live" ("txn_id", "customer_id", "merchant_id", "channel_id", "card_number_masked", "amount", "currency_code", "txn_time", "status", "fraud_score", "created_at") VALUES ('0a0308a2-dac0-4dc1-879f-70d38ea11906', '2f6d6e7d-dacb-4fe1-8c41-8b33767f9c90', 'ee990e4f-82a3-4cc8-af0d-0db739aede99', 3, '4222********9944', 9550.5, 'VND', TO_TIMESTAMP('2026-03-08 20:37:28', 'YYYY-MM-DD HH24:MI:SS'), 'PENDING', 0.7384, TO_TIMESTAMP('2026-03-08 20:37:28', 'YYYY-MM-DD HH24:MI:SS'));
INSERT INTO "txn_state" ("txn_id", "status", "last_update", "retry_count", "version") VALUES ('0a0308a2-dac0-4dc1-879f-70d38ea11906', 'PENDING', TO_TIMESTAMP('2026-03-08 20:37:28', 'YYYY-MM-DD HH24:MI:SS'), 0, 1);
INSERT INTO "transactions_live" ("txn_id", "customer_id", "merchant_id", "channel_id", "card_number_masked", "amount", "currency_code", "txn_time", "status", "fraud_score", "created_at") VALUES ('ac8222f4-e43a-49d0-8588-5b904f4249e5', '9611a284-4d5c-46f1-9576-a18006e7c38e', 'ec134621-901a-494d-804b-eae9b1c6a2d9', 3, '4222********6059', 7134.82, 'VND', TO_TIMESTAMP('2026-03-10 20:37:28', 'YYYY-MM-DD HH24:MI:SS'), 'PENDING', 0.5256, TO_TIMESTAMP('2026-03-10 20:37:28', 'YYYY-MM-DD HH24:MI:SS'));
INSERT INTO "txn_state" ("txn_id", "status", "last_update", "retry_count", "version") VALUES ('ac8222f4-e43a-49d0-8588-5b904f4249e5', 'PENDING', TO_TIMESTAMP('2026-03-10 20:37:28', 'YYYY-MM-DD HH24:MI:SS'), 0, 1);
INSERT INTO "transactions_live" ("txn_id", "customer_id", "merchant_id", "channel_id", "card_number_masked", "amount", "currency_code", "txn_time", "status", "fraud_score", "created_at") VALUES ('918f6704-31f1-4237-a374-b408be4c792a', 'ab5c69f9-28d2-4707-9b88-9d1a1e14a657', '2c26fba6-ac2c-4237-988b-e9a435d9ef63', 2, '4222********5403', 4274.26, 'VND', TO_TIMESTAMP('2026-01-06 20:37:28', 'YYYY-MM-DD HH24:MI:SS'), 'PENDING', 0.8036, TO_TIMESTAMP('2026-01-06 20:37:28', 'YYYY-MM-DD HH24:MI:SS'));
INSERT INTO "txn_state" ("txn_id", "status", "last_update", "retry_count", "version") VALUES ('918f6704-31f1-4237-a374-b408be4c792a', 'PENDING', TO_TIMESTAMP('2026-01-06 20:37:28', 'YYYY-MM-DD HH24:MI:SS'), 0, 1);
INSERT INTO "transactions_live" ("txn_id", "customer_id", "merchant_id", "channel_id", "card_number_masked", "amount", "currency_code", "txn_time", "status", "fraud_score", "created_at") VALUES ('95ffcb7a-1bec-4037-bb47-6d077b0ae506', '2e5bf2cc-4f4e-4487-ba9c-a95145ea9e29', '2adf2555-b26f-4474-9050-84005008238f', 2, '4222********5365', 8358.14, 'VND', TO_TIMESTAMP('2026-03-27 20:37:28', 'YYYY-MM-DD HH24:MI:SS'), 'REJECTED', 0.3751, TO_TIMESTAMP('2026-03-27 20:37:28', 'YYYY-MM-DD HH24:MI:SS'));
INSERT INTO "txn_state" ("txn_id", "status", "last_update", "retry_count", "version") VALUES ('95ffcb7a-1bec-4037-bb47-6d077b0ae506', 'REJECTED', TO_TIMESTAMP('2026-03-27 20:37:28', 'YYYY-MM-DD HH24:MI:SS'), 0, 1);
INSERT INTO "transactions_live" ("txn_id", "customer_id", "merchant_id", "channel_id", "card_number_masked", "amount", "currency_code", "txn_time", "status", "fraud_score", "created_at") VALUES ('3dd4d944-2fb9-432c-8df0-5a36771eca5d', 'f3fe5363-99d7-468d-b7f0-deaf3cbb1977', 'fd6edbf8-7644-49e8-92de-991375a86ddf', 3, '4222********5354', 5214.41, 'VND', TO_TIMESTAMP('2026-02-04 20:37:28', 'YYYY-MM-DD HH24:MI:SS'), 'REJECTED', 0.4639, TO_TIMESTAMP('2026-02-04 20:37:28', 'YYYY-MM-DD HH24:MI:SS'));
INSERT INTO "txn_state" ("txn_id", "status", "last_update", "retry_count", "version") VALUES ('3dd4d944-2fb9-432c-8df0-5a36771eca5d', 'REJECTED', TO_TIMESTAMP('2026-02-04 20:37:28', 'YYYY-MM-DD HH24:MI:SS'), 0, 1);
INSERT INTO "transactions_live" ("txn_id", "customer_id", "merchant_id", "channel_id", "card_number_masked", "amount", "currency_code", "txn_time", "status", "fraud_score", "created_at") VALUES ('e9eb3d26-560b-4dc0-b07b-5dc0ea6e7164', '653b08a1-c4f8-4b64-9a2e-779425392f42', 'd97ef58e-b5d4-455f-b946-8216fbcabec0', 2, '4222********3389', 8875.52, 'VND', TO_TIMESTAMP('2026-04-03 20:37:28', 'YYYY-MM-DD HH24:MI:SS'), 'MANUAL_REVIEW', 0.6011, TO_TIMESTAMP('2026-04-03 20:37:28', 'YYYY-MM-DD HH24:MI:SS'));
INSERT INTO "txn_state" ("txn_id", "status", "last_update", "retry_count", "version") VALUES ('e9eb3d26-560b-4dc0-b07b-5dc0ea6e7164', 'MANUAL_REVIEW', TO_TIMESTAMP('2026-04-03 20:37:28', 'YYYY-MM-DD HH24:MI:SS'), 0, 1);
INSERT INTO "transactions_live" ("txn_id", "customer_id", "merchant_id", "channel_id", "card_number_masked", "amount", "currency_code", "txn_time", "status", "fraud_score", "created_at") VALUES ('37078a71-6b17-46a5-b897-4410255075b3', '4012b16e-c731-4048-bcfe-bcf02ea8da40', 'a9f52635-2b5e-4edd-964e-9f0461376e65', 3, '4222********2815', 1493.08, 'VND', TO_TIMESTAMP('2026-01-26 20:37:28', 'YYYY-MM-DD HH24:MI:SS'), 'PENDING', 0.6449, TO_TIMESTAMP('2026-01-26 20:37:28', 'YYYY-MM-DD HH24:MI:SS'));
INSERT INTO "txn_state" ("txn_id", "status", "last_update", "retry_count", "version") VALUES ('37078a71-6b17-46a5-b897-4410255075b3', 'PENDING', TO_TIMESTAMP('2026-01-26 20:37:28', 'YYYY-MM-DD HH24:MI:SS'), 0, 1);
INSERT INTO "transactions_live" ("txn_id", "customer_id", "merchant_id", "channel_id", "card_number_masked", "amount", "currency_code", "txn_time", "status", "fraud_score", "created_at") VALUES ('b6317189-e431-4a3d-ad03-ff799b83afd0', 'baf1ceea-97df-48df-ba04-3cb3b8abd79f', '3e935995-d2cd-42e2-885a-76c61c9f0aff', 1, '4222********6669', 3320.75, 'VND', TO_TIMESTAMP('2026-01-27 20:37:28', 'YYYY-MM-DD HH24:MI:SS'), 'REJECTED', 0.0695, TO_TIMESTAMP('2026-01-27 20:37:28', 'YYYY-MM-DD HH24:MI:SS'));
INSERT INTO "txn_state" ("txn_id", "status", "last_update", "retry_count", "version") VALUES ('b6317189-e431-4a3d-ad03-ff799b83afd0', 'REJECTED', TO_TIMESTAMP('2026-01-27 20:37:28', 'YYYY-MM-DD HH24:MI:SS'), 0, 1);
INSERT INTO "transactions_live" ("txn_id", "customer_id", "merchant_id", "channel_id", "card_number_masked", "amount", "currency_code", "txn_time", "status", "fraud_score", "created_at") VALUES ('9e7bcd31-2f07-45a8-84ee-d857e179a390', 'a619b0b8-ff00-4be3-95e7-778bf9c95877', '867bb6ed-9f0d-4e12-8228-e1c10eb91174', 3, '4222********5504', 6809.11, 'VND', TO_TIMESTAMP('2026-03-11 20:37:28', 'YYYY-MM-DD HH24:MI:SS'), 'REJECTED', 0.0165, TO_TIMESTAMP('2026-03-11 20:37:28', 'YYYY-MM-DD HH24:MI:SS'));
INSERT INTO "txn_state" ("txn_id", "status", "last_update", "retry_count", "version") VALUES ('9e7bcd31-2f07-45a8-84ee-d857e179a390', 'REJECTED', TO_TIMESTAMP('2026-03-11 20:37:28', 'YYYY-MM-DD HH24:MI:SS'), 0, 1);
INSERT INTO "transactions_live" ("txn_id", "customer_id", "merchant_id", "channel_id", "card_number_masked", "amount", "currency_code", "txn_time", "status", "fraud_score", "created_at") VALUES ('6c465556-81d8-4a8d-bd80-f956274efd2b', '1235ebe0-bc36-452e-84e3-c6a03642c2f8', 'fc6580c9-c032-4d75-bf39-ecf63324ca32', 3, '4222********7351', 301.02, 'VND', TO_TIMESTAMP('2026-03-30 20:37:28', 'YYYY-MM-DD HH24:MI:SS'), 'APPROVED', 0.2108, TO_TIMESTAMP('2026-03-30 20:37:28', 'YYYY-MM-DD HH24:MI:SS'));
INSERT INTO "txn_state" ("txn_id", "status", "last_update", "retry_count", "version") VALUES ('6c465556-81d8-4a8d-bd80-f956274efd2b', 'APPROVED', TO_TIMESTAMP('2026-03-30 20:37:28', 'YYYY-MM-DD HH24:MI:SS'), 0, 1);
INSERT INTO "transactions_live" ("txn_id", "customer_id", "merchant_id", "channel_id", "card_number_masked", "amount", "currency_code", "txn_time", "status", "fraud_score", "created_at") VALUES ('d5b50fcb-d5f7-451c-affe-259eef46e259', '8a38d3f3-0442-41bf-bec7-e9795823602a', '1e9209d2-ade7-4ba7-8357-b01b54703733', 3, '4222********8685', 2243.78, 'VND', TO_TIMESTAMP('2026-02-16 20:37:28', 'YYYY-MM-DD HH24:MI:SS'), 'PENDING', 0.3765, TO_TIMESTAMP('2026-02-16 20:37:28', 'YYYY-MM-DD HH24:MI:SS'));
INSERT INTO "txn_state" ("txn_id", "status", "last_update", "retry_count", "version") VALUES ('d5b50fcb-d5f7-451c-affe-259eef46e259', 'PENDING', TO_TIMESTAMP('2026-02-16 20:37:28', 'YYYY-MM-DD HH24:MI:SS'), 0, 1);
INSERT INTO "transactions_live" ("txn_id", "customer_id", "merchant_id", "channel_id", "card_number_masked", "amount", "currency_code", "txn_time", "status", "fraud_score", "created_at") VALUES ('40a77544-bc70-44b0-8b78-7792bc582218', '590aa941-d4b9-423b-832c-4426f7cd84d5', '21ba0428-b727-41c3-a168-05e72d67983f', 1, '4222********6730', 5794.54, 'VND', TO_TIMESTAMP('2026-04-06 20:37:28', 'YYYY-MM-DD HH24:MI:SS'), 'REJECTED', 0.7573, TO_TIMESTAMP('2026-04-06 20:37:28', 'YYYY-MM-DD HH24:MI:SS'));
INSERT INTO "txn_state" ("txn_id", "status", "last_update", "retry_count", "version") VALUES ('40a77544-bc70-44b0-8b78-7792bc582218', 'REJECTED', TO_TIMESTAMP('2026-04-06 20:37:28', 'YYYY-MM-DD HH24:MI:SS'), 0, 1);
INSERT INTO "transactions_live" ("txn_id", "customer_id", "merchant_id", "channel_id", "card_number_masked", "amount", "currency_code", "txn_time", "status", "fraud_score", "created_at") VALUES ('19fe094c-129b-4512-a5fc-02db15b4c733', 'ca2163dc-40b2-4992-a125-83e7946d5718', '724bd87f-70ed-4219-80bc-4bc80dc12e42', 1, '4222********7495', 3124.74, 'VND', TO_TIMESTAMP('2026-02-27 20:37:28', 'YYYY-MM-DD HH24:MI:SS'), 'PENDING', 0.0319, TO_TIMESTAMP('2026-02-27 20:37:28', 'YYYY-MM-DD HH24:MI:SS'));
INSERT INTO "txn_state" ("txn_id", "status", "last_update", "retry_count", "version") VALUES ('19fe094c-129b-4512-a5fc-02db15b4c733', 'PENDING', TO_TIMESTAMP('2026-02-27 20:37:28', 'YYYY-MM-DD HH24:MI:SS'), 0, 1);
INSERT INTO "transactions_live" ("txn_id", "customer_id", "merchant_id", "channel_id", "card_number_masked", "amount", "currency_code", "txn_time", "status", "fraud_score", "created_at") VALUES ('53729f9f-7d28-44bf-b938-b7c4f822acd2', 'ca2163dc-40b2-4992-a125-83e7946d5718', 'e3fb95af-1d00-4c3c-a96f-268e661ac70c', 3, '4222********5265', 6206.04, 'VND', TO_TIMESTAMP('2026-03-30 20:37:28', 'YYYY-MM-DD HH24:MI:SS'), 'REJECTED', 0.7143, TO_TIMESTAMP('2026-03-30 20:37:28', 'YYYY-MM-DD HH24:MI:SS'));
INSERT INTO "txn_state" ("txn_id", "status", "last_update", "retry_count", "version") VALUES ('53729f9f-7d28-44bf-b938-b7c4f822acd2', 'REJECTED', TO_TIMESTAMP('2026-03-30 20:37:28', 'YYYY-MM-DD HH24:MI:SS'), 0, 1);
INSERT INTO "transactions_live" ("txn_id", "customer_id", "merchant_id", "channel_id", "card_number_masked", "amount", "currency_code", "txn_time", "status", "fraud_score", "created_at") VALUES ('1ad98c04-39aa-4ad3-920c-7ae2abdfb5bf', 'cb4a53ad-2d25-41af-9944-b8c542da27e7', 'd97ef58e-b5d4-455f-b946-8216fbcabec0', 1, '4222********2313', 6565.67, 'VND', TO_TIMESTAMP('2026-03-11 20:37:28', 'YYYY-MM-DD HH24:MI:SS'), 'APPROVED', 0.1695, TO_TIMESTAMP('2026-03-11 20:37:28', 'YYYY-MM-DD HH24:MI:SS'));
INSERT INTO "txn_state" ("txn_id", "status", "last_update", "retry_count", "version") VALUES ('1ad98c04-39aa-4ad3-920c-7ae2abdfb5bf', 'APPROVED', TO_TIMESTAMP('2026-03-11 20:37:28', 'YYYY-MM-DD HH24:MI:SS'), 0, 1);
INSERT INTO "transactions_live" ("txn_id", "customer_id", "merchant_id", "channel_id", "card_number_masked", "amount", "currency_code", "txn_time", "status", "fraud_score", "created_at") VALUES ('2bc6b3e6-a918-4f54-a8f6-7a213928392c', '653b08a1-c4f8-4b64-9a2e-779425392f42', '20fed802-4ee9-4eb9-bde8-a9290c40ea3f', 2, '4222********7312', 1106.66, 'VND', TO_TIMESTAMP('2026-01-06 20:37:28', 'YYYY-MM-DD HH24:MI:SS'), 'MANUAL_REVIEW', 0.2257, TO_TIMESTAMP('2026-01-06 20:37:28', 'YYYY-MM-DD HH24:MI:SS'));
INSERT INTO "txn_state" ("txn_id", "status", "last_update", "retry_count", "version") VALUES ('2bc6b3e6-a918-4f54-a8f6-7a213928392c', 'MANUAL_REVIEW', TO_TIMESTAMP('2026-01-06 20:37:28', 'YYYY-MM-DD HH24:MI:SS'), 0, 1);
INSERT INTO "transactions_live" ("txn_id", "customer_id", "merchant_id", "channel_id", "card_number_masked", "amount", "currency_code", "txn_time", "status", "fraud_score", "created_at") VALUES ('71265e40-b29f-4555-b651-32db4d7f1809', 'b0542b4f-b29a-404f-9809-73b06cfbbf60', 'f07b2fce-0022-4546-94d9-57540d02a503', 2, '4222********3801', 5644.41, 'VND', TO_TIMESTAMP('2026-01-26 20:37:28', 'YYYY-MM-DD HH24:MI:SS'), 'MANUAL_REVIEW', 0.7041, TO_TIMESTAMP('2026-01-26 20:37:28', 'YYYY-MM-DD HH24:MI:SS'));
INSERT INTO "txn_state" ("txn_id", "status", "last_update", "retry_count", "version") VALUES ('71265e40-b29f-4555-b651-32db4d7f1809', 'MANUAL_REVIEW', TO_TIMESTAMP('2026-01-26 20:37:28', 'YYYY-MM-DD HH24:MI:SS'), 0, 1);
INSERT INTO "transactions_live" ("txn_id", "customer_id", "merchant_id", "channel_id", "card_number_masked", "amount", "currency_code", "txn_time", "status", "fraud_score", "created_at") VALUES ('85c8751c-0a1a-4385-8432-fd67783d0e8b', 'f3fe5363-99d7-468d-b7f0-deaf3cbb1977', '819c7474-dec8-47fc-a89d-bfa051cd42a3', 3, '4222********7591', 4410.62, 'VND', TO_TIMESTAMP('2026-02-12 20:37:28', 'YYYY-MM-DD HH24:MI:SS'), 'MANUAL_REVIEW', 0.5171, TO_TIMESTAMP('2026-02-12 20:37:28', 'YYYY-MM-DD HH24:MI:SS'));
INSERT INTO "txn_state" ("txn_id", "status", "last_update", "retry_count", "version") VALUES ('85c8751c-0a1a-4385-8432-fd67783d0e8b', 'MANUAL_REVIEW', TO_TIMESTAMP('2026-02-12 20:37:28', 'YYYY-MM-DD HH24:MI:SS'), 0, 1);
INSERT INTO "transactions_live" ("txn_id", "customer_id", "merchant_id", "channel_id", "card_number_masked", "amount", "currency_code", "txn_time", "status", "fraud_score", "created_at") VALUES ('1087f333-ee94-4247-9d37-5608d2aef73b', '32dea477-3662-49ae-b22b-fe2ccb2f5536', '3044235d-b402-4ad8-a9ed-530c2e515806', 1, '4222********4635', 4767.74, 'VND', TO_TIMESTAMP('2026-01-30 20:37:28', 'YYYY-MM-DD HH24:MI:SS'), 'PENDING', 0.1593, TO_TIMESTAMP('2026-01-30 20:37:28', 'YYYY-MM-DD HH24:MI:SS'));
INSERT INTO "txn_state" ("txn_id", "status", "last_update", "retry_count", "version") VALUES ('1087f333-ee94-4247-9d37-5608d2aef73b', 'PENDING', TO_TIMESTAMP('2026-01-30 20:37:28', 'YYYY-MM-DD HH24:MI:SS'), 0, 1);
INSERT INTO "transactions_live" ("txn_id", "customer_id", "merchant_id", "channel_id", "card_number_masked", "amount", "currency_code", "txn_time", "status", "fraud_score", "created_at") VALUES ('c4133ad0-8c92-44c0-a112-d8d04b899527', '13ad4717-1d6a-403f-8eff-6654800c6e2f', '819c7474-dec8-47fc-a89d-bfa051cd42a3', 2, '4222********1785', 9997.13, 'VND', TO_TIMESTAMP('2026-03-18 20:37:28', 'YYYY-MM-DD HH24:MI:SS'), 'REJECTED', 0.0724, TO_TIMESTAMP('2026-03-18 20:37:28', 'YYYY-MM-DD HH24:MI:SS'));
INSERT INTO "txn_state" ("txn_id", "status", "last_update", "retry_count", "version") VALUES ('c4133ad0-8c92-44c0-a112-d8d04b899527', 'REJECTED', TO_TIMESTAMP('2026-03-18 20:37:28', 'YYYY-MM-DD HH24:MI:SS'), 0, 1);
INSERT INTO "transactions_live" ("txn_id", "customer_id", "merchant_id", "channel_id", "card_number_masked", "amount", "currency_code", "txn_time", "status", "fraud_score", "created_at") VALUES ('39c8099f-b100-4fae-85ef-9480cef1666c', '240fc816-5e1b-4b04-8f78-844f62bef8c6', 'fb2337a7-bb10-494b-96b9-e2db9ce61761', 1, '4222********8293', 1377.41, 'VND', TO_TIMESTAMP('2026-04-05 20:37:28', 'YYYY-MM-DD HH24:MI:SS'), 'PENDING', 0.1984, TO_TIMESTAMP('2026-04-05 20:37:28', 'YYYY-MM-DD HH24:MI:SS'));
INSERT INTO "txn_state" ("txn_id", "status", "last_update", "retry_count", "version") VALUES ('39c8099f-b100-4fae-85ef-9480cef1666c', 'PENDING', TO_TIMESTAMP('2026-04-05 20:37:28', 'YYYY-MM-DD HH24:MI:SS'), 0, 1);
INSERT INTO "transactions_live" ("txn_id", "customer_id", "merchant_id", "channel_id", "card_number_masked", "amount", "currency_code", "txn_time", "status", "fraud_score", "created_at") VALUES ('e994472a-2de6-4624-b284-7e2ed9c81ad8', '2f6d6e7d-dacb-4fe1-8c41-8b33767f9c90', 'a9485b4b-7530-4d8a-9f4a-37d8f8332a71', 2, '4222********4556', 5051.74, 'VND', TO_TIMESTAMP('2026-03-11 20:37:28', 'YYYY-MM-DD HH24:MI:SS'), 'PENDING', 0.7537, TO_TIMESTAMP('2026-03-11 20:37:28', 'YYYY-MM-DD HH24:MI:SS'));
INSERT INTO "txn_state" ("txn_id", "status", "last_update", "retry_count", "version") VALUES ('e994472a-2de6-4624-b284-7e2ed9c81ad8', 'PENDING', TO_TIMESTAMP('2026-03-11 20:37:28', 'YYYY-MM-DD HH24:MI:SS'), 0, 1);
INSERT INTO "transactions_live" ("txn_id", "customer_id", "merchant_id", "channel_id", "card_number_masked", "amount", "currency_code", "txn_time", "status", "fraud_score", "created_at") VALUES ('5136d393-1cfd-40d6-a0cb-c3e81adf5af9', '4443944d-6ac9-4c15-8061-6780e15448ea', '2059a8d9-3e03-4507-9921-ac4d63b07212', 2, '4222********8681', 8800.22, 'VND', TO_TIMESTAMP('2026-02-22 20:37:28', 'YYYY-MM-DD HH24:MI:SS'), 'REJECTED', 0.549, TO_TIMESTAMP('2026-02-22 20:37:28', 'YYYY-MM-DD HH24:MI:SS'));
INSERT INTO "txn_state" ("txn_id", "status", "last_update", "retry_count", "version") VALUES ('5136d393-1cfd-40d6-a0cb-c3e81adf5af9', 'REJECTED', TO_TIMESTAMP('2026-02-22 20:37:28', 'YYYY-MM-DD HH24:MI:SS'), 0, 1);
INSERT INTO "transactions_live" ("txn_id", "customer_id", "merchant_id", "channel_id", "card_number_masked", "amount", "currency_code", "txn_time", "status", "fraud_score", "created_at") VALUES ('3f33dbba-c39e-41d8-bed3-a184df4d8af7', 'e701cd9c-e1b1-413a-b516-d701f8864af7', '54d52f5b-3403-4038-9801-5dfdfc4fc736', 2, '4222********1443', 2006.43, 'VND', TO_TIMESTAMP('2026-03-02 20:37:28', 'YYYY-MM-DD HH24:MI:SS'), 'PENDING', 0.1705, TO_TIMESTAMP('2026-03-02 20:37:28', 'YYYY-MM-DD HH24:MI:SS'));
INSERT INTO "txn_state" ("txn_id", "status", "last_update", "retry_count", "version") VALUES ('3f33dbba-c39e-41d8-bed3-a184df4d8af7', 'PENDING', TO_TIMESTAMP('2026-03-02 20:37:28', 'YYYY-MM-DD HH24:MI:SS'), 0, 1);
INSERT INTO "transactions_live" ("txn_id", "customer_id", "merchant_id", "channel_id", "card_number_masked", "amount", "currency_code", "txn_time", "status", "fraud_score", "created_at") VALUES ('7ae71432-48a8-48b8-8def-e31cb4fb786d', 'df82f765-9ebb-4f08-a0cd-0e11b6bb3a4d', '157a002a-fa57-410e-b988-b560d12ccdde', 1, '4222********9147', 8439.82, 'VND', TO_TIMESTAMP('2026-03-09 20:37:28', 'YYYY-MM-DD HH24:MI:SS'), 'MANUAL_REVIEW', 0.9015, TO_TIMESTAMP('2026-03-09 20:37:28', 'YYYY-MM-DD HH24:MI:SS'));
INSERT INTO "txn_state" ("txn_id", "status", "last_update", "retry_count", "version") VALUES ('7ae71432-48a8-48b8-8def-e31cb4fb786d', 'MANUAL_REVIEW', TO_TIMESTAMP('2026-03-09 20:37:28', 'YYYY-MM-DD HH24:MI:SS'), 0, 1);
INSERT INTO "transactions_live" ("txn_id", "customer_id", "merchant_id", "channel_id", "card_number_masked", "amount", "currency_code", "txn_time", "status", "fraud_score", "created_at") VALUES ('f770c114-52d1-4c54-bbc5-4e829a1fef53', '32dea477-3662-49ae-b22b-fe2ccb2f5536', '4cfe50b0-a7d5-483d-b72b-36f84dcdaae1', 1, '4222********7906', 7877.39, 'VND', TO_TIMESTAMP('2026-03-29 20:37:28', 'YYYY-MM-DD HH24:MI:SS'), 'REJECTED', 0.7197, TO_TIMESTAMP('2026-03-29 20:37:28', 'YYYY-MM-DD HH24:MI:SS'));
INSERT INTO "txn_state" ("txn_id", "status", "last_update", "retry_count", "version") VALUES ('f770c114-52d1-4c54-bbc5-4e829a1fef53', 'REJECTED', TO_TIMESTAMP('2026-03-29 20:37:28', 'YYYY-MM-DD HH24:MI:SS'), 0, 1);
INSERT INTO "transactions_live" ("txn_id", "customer_id", "merchant_id", "channel_id", "card_number_masked", "amount", "currency_code", "txn_time", "status", "fraud_score", "created_at") VALUES ('8c453264-c861-41af-a372-fbe7f94e437f', '0d794eae-925d-4eac-b7c4-fb5a3a51491d', '53df1aac-7ad3-4569-9eec-3c1bcf551e99', 2, '4222********1491', 1044.0, 'VND', TO_TIMESTAMP('2026-03-19 20:37:28', 'YYYY-MM-DD HH24:MI:SS'), 'APPROVED', 0.8734, TO_TIMESTAMP('2026-03-19 20:37:28', 'YYYY-MM-DD HH24:MI:SS'));
INSERT INTO "txn_state" ("txn_id", "status", "last_update", "retry_count", "version") VALUES ('8c453264-c861-41af-a372-fbe7f94e437f', 'APPROVED', TO_TIMESTAMP('2026-03-19 20:37:28', 'YYYY-MM-DD HH24:MI:SS'), 0, 1);
INSERT INTO "transactions_live" ("txn_id", "customer_id", "merchant_id", "channel_id", "card_number_masked", "amount", "currency_code", "txn_time", "status", "fraud_score", "created_at") VALUES ('d069a3a0-a57d-45b1-b47d-fd2b69383b58', '4ac8a937-362b-4d90-86e2-2624c325a8c4', '336beaef-5b83-45d0-9937-57acef2ef4f3', 2, '4222********9436', 3824.42, 'VND', TO_TIMESTAMP('2026-01-13 20:37:28', 'YYYY-MM-DD HH24:MI:SS'), 'PENDING', 0.8225, TO_TIMESTAMP('2026-01-13 20:37:28', 'YYYY-MM-DD HH24:MI:SS'));
INSERT INTO "txn_state" ("txn_id", "status", "last_update", "retry_count", "version") VALUES ('d069a3a0-a57d-45b1-b47d-fd2b69383b58', 'PENDING', TO_TIMESTAMP('2026-01-13 20:37:28', 'YYYY-MM-DD HH24:MI:SS'), 0, 1);
INSERT INTO "transactions_live" ("txn_id", "customer_id", "merchant_id", "channel_id", "card_number_masked", "amount", "currency_code", "txn_time", "status", "fraud_score", "created_at") VALUES ('1b9a0d78-54fe-43bc-bb7a-eb4da60ae3ba', '4012b16e-c731-4048-bcfe-bcf02ea8da40', '39b6cb0c-13fa-42f5-8b5a-1453a6fc07ae', 3, '4222********6422', 2636.96, 'VND', TO_TIMESTAMP('2026-02-15 20:37:28', 'YYYY-MM-DD HH24:MI:SS'), 'REJECTED', 0.1939, TO_TIMESTAMP('2026-02-15 20:37:28', 'YYYY-MM-DD HH24:MI:SS'));
INSERT INTO "txn_state" ("txn_id", "status", "last_update", "retry_count", "version") VALUES ('1b9a0d78-54fe-43bc-bb7a-eb4da60ae3ba', 'REJECTED', TO_TIMESTAMP('2026-02-15 20:37:28', 'YYYY-MM-DD HH24:MI:SS'), 0, 1);
INSERT INTO "transactions_live" ("txn_id", "customer_id", "merchant_id", "channel_id", "card_number_masked", "amount", "currency_code", "txn_time", "status", "fraud_score", "created_at") VALUES ('73d20b56-d746-47bc-afab-752f76084e5e', '13ad4717-1d6a-403f-8eff-6654800c6e2f', 'fc6580c9-c032-4d75-bf39-ecf63324ca32', 3, '4222********4368', 6865.18, 'VND', TO_TIMESTAMP('2026-04-02 20:37:28', 'YYYY-MM-DD HH24:MI:SS'), 'APPROVED', 0.2919, TO_TIMESTAMP('2026-04-02 20:37:28', 'YYYY-MM-DD HH24:MI:SS'));
INSERT INTO "txn_state" ("txn_id", "status", "last_update", "retry_count", "version") VALUES ('73d20b56-d746-47bc-afab-752f76084e5e', 'APPROVED', TO_TIMESTAMP('2026-04-02 20:37:28', 'YYYY-MM-DD HH24:MI:SS'), 0, 1);
INSERT INTO "transactions_live" ("txn_id", "customer_id", "merchant_id", "channel_id", "card_number_masked", "amount", "currency_code", "txn_time", "status", "fraud_score", "created_at") VALUES ('388f22de-c281-46c5-9f8b-d73171bd51ed', '4443944d-6ac9-4c15-8061-6780e15448ea', '1a2a1b1b-cf1c-43b2-8b70-10138c8763d6', 3, '4222********3004', 797.93, 'VND', TO_TIMESTAMP('2026-03-17 20:37:28', 'YYYY-MM-DD HH24:MI:SS'), 'APPROVED', 0.451, TO_TIMESTAMP('2026-03-17 20:37:28', 'YYYY-MM-DD HH24:MI:SS'));
INSERT INTO "txn_state" ("txn_id", "status", "last_update", "retry_count", "version") VALUES ('388f22de-c281-46c5-9f8b-d73171bd51ed', 'APPROVED', TO_TIMESTAMP('2026-03-17 20:37:28', 'YYYY-MM-DD HH24:MI:SS'), 0, 1);
INSERT INTO "transactions_live" ("txn_id", "customer_id", "merchant_id", "channel_id", "card_number_masked", "amount", "currency_code", "txn_time", "status", "fraud_score", "created_at") VALUES ('099af6b1-e7de-468d-9d15-b7709ff9f1ef', '75a39ba1-d623-4330-896b-049633959d87', '4cfe50b0-a7d5-483d-b72b-36f84dcdaae1', 2, '4222********6652', 7313.98, 'VND', TO_TIMESTAMP('2026-01-06 20:37:28', 'YYYY-MM-DD HH24:MI:SS'), 'APPROVED', 0.7305, TO_TIMESTAMP('2026-01-06 20:37:28', 'YYYY-MM-DD HH24:MI:SS'));
INSERT INTO "txn_state" ("txn_id", "status", "last_update", "retry_count", "version") VALUES ('099af6b1-e7de-468d-9d15-b7709ff9f1ef', 'APPROVED', TO_TIMESTAMP('2026-01-06 20:37:28', 'YYYY-MM-DD HH24:MI:SS'), 0, 1);
INSERT INTO "transactions_live" ("txn_id", "customer_id", "merchant_id", "channel_id", "card_number_masked", "amount", "currency_code", "txn_time", "status", "fraud_score", "created_at") VALUES ('c2e39ab1-ef09-4774-9236-cc11d1273ae4', '2f6d6e7d-dacb-4fe1-8c41-8b33767f9c90', '6dbb230b-9ef7-4f9e-b31b-f9903db16fc9', 1, '4222********4288', 6030.2, 'VND', TO_TIMESTAMP('2026-01-24 20:37:28', 'YYYY-MM-DD HH24:MI:SS'), 'PENDING', 0.364, TO_TIMESTAMP('2026-01-24 20:37:28', 'YYYY-MM-DD HH24:MI:SS'));
INSERT INTO "txn_state" ("txn_id", "status", "last_update", "retry_count", "version") VALUES ('c2e39ab1-ef09-4774-9236-cc11d1273ae4', 'PENDING', TO_TIMESTAMP('2026-01-24 20:37:28', 'YYYY-MM-DD HH24:MI:SS'), 0, 1);
INSERT INTO "transactions_live" ("txn_id", "customer_id", "merchant_id", "channel_id", "card_number_masked", "amount", "currency_code", "txn_time", "status", "fraud_score", "created_at") VALUES ('54f895a5-4f1f-49a3-b200-af89fe82510c', 'ca2163dc-40b2-4992-a125-83e7946d5718', '366e7ad2-1664-4eb2-a387-bbc4594dce21', 3, '4222********7882', 7446.34, 'VND', TO_TIMESTAMP('2026-01-28 20:37:28', 'YYYY-MM-DD HH24:MI:SS'), 'REJECTED', 0.6472, TO_TIMESTAMP('2026-01-28 20:37:28', 'YYYY-MM-DD HH24:MI:SS'));
INSERT INTO "txn_state" ("txn_id", "status", "last_update", "retry_count", "version") VALUES ('54f895a5-4f1f-49a3-b200-af89fe82510c', 'REJECTED', TO_TIMESTAMP('2026-01-28 20:37:28', 'YYYY-MM-DD HH24:MI:SS'), 0, 1);
INSERT INTO "transactions_live" ("txn_id", "customer_id", "merchant_id", "channel_id", "card_number_masked", "amount", "currency_code", "txn_time", "status", "fraud_score", "created_at") VALUES ('4b844a18-a215-4485-a70c-0cb3a8110d3d', '32dea477-3662-49ae-b22b-fe2ccb2f5536', '277425b5-d023-46bb-bd2a-df23a7dc0622', 1, '4222********3534', 2848.79, 'VND', TO_TIMESTAMP('2026-01-29 20:37:28', 'YYYY-MM-DD HH24:MI:SS'), 'REJECTED', 0.5324, TO_TIMESTAMP('2026-01-29 20:37:28', 'YYYY-MM-DD HH24:MI:SS'));
INSERT INTO "txn_state" ("txn_id", "status", "last_update", "retry_count", "version") VALUES ('4b844a18-a215-4485-a70c-0cb3a8110d3d', 'REJECTED', TO_TIMESTAMP('2026-01-29 20:37:28', 'YYYY-MM-DD HH24:MI:SS'), 0, 1);
INSERT INTO "transactions_live" ("txn_id", "customer_id", "merchant_id", "channel_id", "card_number_masked", "amount", "currency_code", "txn_time", "status", "fraud_score", "created_at") VALUES ('40ca933d-375b-4217-b582-bc44a3ea8c38', '16719215-e71e-4f61-9301-a3f3bcd5763e', '724bd87f-70ed-4219-80bc-4bc80dc12e42', 3, '4222********1361', 3142.66, 'VND', TO_TIMESTAMP('2026-02-02 20:37:28', 'YYYY-MM-DD HH24:MI:SS'), 'MANUAL_REVIEW', 0.5241, TO_TIMESTAMP('2026-02-02 20:37:28', 'YYYY-MM-DD HH24:MI:SS'));
INSERT INTO "txn_state" ("txn_id", "status", "last_update", "retry_count", "version") VALUES ('40ca933d-375b-4217-b582-bc44a3ea8c38', 'MANUAL_REVIEW', TO_TIMESTAMP('2026-02-02 20:37:28', 'YYYY-MM-DD HH24:MI:SS'), 0, 1);
INSERT INTO "transactions_live" ("txn_id", "customer_id", "merchant_id", "channel_id", "card_number_masked", "amount", "currency_code", "txn_time", "status", "fraud_score", "created_at") VALUES ('0db6caba-0faf-4a44-944a-28a33730c53d', 'ef8e450d-a2c1-400b-82d1-ce6c749ec094', '819c7474-dec8-47fc-a89d-bfa051cd42a3', 3, '4222********8849', 521.63, 'VND', TO_TIMESTAMP('2026-03-31 20:37:28', 'YYYY-MM-DD HH24:MI:SS'), 'REJECTED', 0.2549, TO_TIMESTAMP('2026-03-31 20:37:28', 'YYYY-MM-DD HH24:MI:SS'));
INSERT INTO "txn_state" ("txn_id", "status", "last_update", "retry_count", "version") VALUES ('0db6caba-0faf-4a44-944a-28a33730c53d', 'REJECTED', TO_TIMESTAMP('2026-03-31 20:37:28', 'YYYY-MM-DD HH24:MI:SS'), 0, 1);
INSERT INTO "transactions_live" ("txn_id", "customer_id", "merchant_id", "channel_id", "card_number_masked", "amount", "currency_code", "txn_time", "status", "fraud_score", "created_at") VALUES ('bbe12efc-5b32-4c12-a0ee-afb15f624429', '862dfdc8-0ffa-4e70-9d64-709514970f4c', 'f76d58ae-da11-473f-a8e4-bfd9c84423da', 1, '4222********6823', 945.7, 'VND', TO_TIMESTAMP('2026-01-10 20:37:28', 'YYYY-MM-DD HH24:MI:SS'), 'MANUAL_REVIEW', 0.5422, TO_TIMESTAMP('2026-01-10 20:37:28', 'YYYY-MM-DD HH24:MI:SS'));
INSERT INTO "txn_state" ("txn_id", "status", "last_update", "retry_count", "version") VALUES ('bbe12efc-5b32-4c12-a0ee-afb15f624429', 'MANUAL_REVIEW', TO_TIMESTAMP('2026-01-10 20:37:28', 'YYYY-MM-DD HH24:MI:SS'), 0, 1);
INSERT INTO "transactions_live" ("txn_id", "customer_id", "merchant_id", "channel_id", "card_number_masked", "amount", "currency_code", "txn_time", "status", "fraud_score", "created_at") VALUES ('9d223671-c436-49d5-9dce-5927aa17a581', 'cabd33a7-6c05-4857-9016-f8e3d9fc8128', '59e66d3c-a8be-4264-8462-64e7bdb179e4', 1, '4222********4051', 3759.22, 'VND', TO_TIMESTAMP('2026-03-07 20:37:28', 'YYYY-MM-DD HH24:MI:SS'), 'APPROVED', 0.1767, TO_TIMESTAMP('2026-03-07 20:37:28', 'YYYY-MM-DD HH24:MI:SS'));
INSERT INTO "txn_state" ("txn_id", "status", "last_update", "retry_count", "version") VALUES ('9d223671-c436-49d5-9dce-5927aa17a581', 'APPROVED', TO_TIMESTAMP('2026-03-07 20:37:28', 'YYYY-MM-DD HH24:MI:SS'), 0, 1);
INSERT INTO "transactions_live" ("txn_id", "customer_id", "merchant_id", "channel_id", "card_number_masked", "amount", "currency_code", "txn_time", "status", "fraud_score", "created_at") VALUES ('39f6de8f-fb9f-448d-9f53-72dbcdad4c75', '2f6793bc-8671-402d-bd9a-feca3d6e7f39', '80d52946-a07a-450a-9759-699a3726c09c', 2, '4222********7880', 9847.02, 'VND', TO_TIMESTAMP('2026-04-01 20:37:28', 'YYYY-MM-DD HH24:MI:SS'), 'REJECTED', 0.4037, TO_TIMESTAMP('2026-04-01 20:37:28', 'YYYY-MM-DD HH24:MI:SS'));
INSERT INTO "txn_state" ("txn_id", "status", "last_update", "retry_count", "version") VALUES ('39f6de8f-fb9f-448d-9f53-72dbcdad4c75', 'REJECTED', TO_TIMESTAMP('2026-04-01 20:37:28', 'YYYY-MM-DD HH24:MI:SS'), 0, 1);
INSERT INTO "transactions_live" ("txn_id", "customer_id", "merchant_id", "channel_id", "card_number_masked", "amount", "currency_code", "txn_time", "status", "fraud_score", "created_at") VALUES ('f5a74933-b7ee-46d3-9a7e-f3faa868e7f3', '590aa941-d4b9-423b-832c-4426f7cd84d5', '77d42e7f-46d3-492b-b758-da16db602009', 3, '4222********9256', 4660.95, 'VND', TO_TIMESTAMP('2026-02-24 20:37:28', 'YYYY-MM-DD HH24:MI:SS'), 'MANUAL_REVIEW', 0.2231, TO_TIMESTAMP('2026-02-24 20:37:28', 'YYYY-MM-DD HH24:MI:SS'));
INSERT INTO "txn_state" ("txn_id", "status", "last_update", "retry_count", "version") VALUES ('f5a74933-b7ee-46d3-9a7e-f3faa868e7f3', 'MANUAL_REVIEW', TO_TIMESTAMP('2026-02-24 20:37:28', 'YYYY-MM-DD HH24:MI:SS'), 0, 1);
INSERT INTO "transactions_live" ("txn_id", "customer_id", "merchant_id", "channel_id", "card_number_masked", "amount", "currency_code", "txn_time", "status", "fraud_score", "created_at") VALUES ('ab67098b-1f39-471a-b786-f3286f30d8a4', '82d9fb72-74f1-4a19-9bb1-17bfe45d794d', '21d076b0-cf56-496f-a9c0-d81e42088e33', 1, '4222********2517', 2814.86, 'VND', TO_TIMESTAMP('2026-03-27 20:37:28', 'YYYY-MM-DD HH24:MI:SS'), 'REJECTED', 0.1303, TO_TIMESTAMP('2026-03-27 20:37:28', 'YYYY-MM-DD HH24:MI:SS'));
INSERT INTO "txn_state" ("txn_id", "status", "last_update", "retry_count", "version") VALUES ('ab67098b-1f39-471a-b786-f3286f30d8a4', 'REJECTED', TO_TIMESTAMP('2026-03-27 20:37:28', 'YYYY-MM-DD HH24:MI:SS'), 0, 1);
INSERT INTO "transactions_live" ("txn_id", "customer_id", "merchant_id", "channel_id", "card_number_masked", "amount", "currency_code", "txn_time", "status", "fraud_score", "created_at") VALUES ('e27e001c-7942-4b09-8864-3a5b79cb436a', '82d9fb72-74f1-4a19-9bb1-17bfe45d794d', 'bef715de-7acd-43a1-976e-f2a73133e760', 2, '4222********5355', 2498.35, 'VND', TO_TIMESTAMP('2026-03-14 20:37:28', 'YYYY-MM-DD HH24:MI:SS'), 'APPROVED', 0.8447, TO_TIMESTAMP('2026-03-14 20:37:28', 'YYYY-MM-DD HH24:MI:SS'));
INSERT INTO "txn_state" ("txn_id", "status", "last_update", "retry_count", "version") VALUES ('e27e001c-7942-4b09-8864-3a5b79cb436a', 'APPROVED', TO_TIMESTAMP('2026-03-14 20:37:28', 'YYYY-MM-DD HH24:MI:SS'), 0, 1);
INSERT INTO "transactions_live" ("txn_id", "customer_id", "merchant_id", "channel_id", "card_number_masked", "amount", "currency_code", "txn_time", "status", "fraud_score", "created_at") VALUES ('e576736e-6b90-4154-aa77-67f577ac28e7', '3f60e66d-a91d-4c23-a96a-7a76d48800ee', '63fb374d-fece-4590-a9e7-4e7f8053dea2', 3, '4222********5791', 3504.16, 'VND', TO_TIMESTAMP('2026-04-08 20:37:28', 'YYYY-MM-DD HH24:MI:SS'), 'REJECTED', 0.1242, TO_TIMESTAMP('2026-04-08 20:37:28', 'YYYY-MM-DD HH24:MI:SS'));
INSERT INTO "txn_state" ("txn_id", "status", "last_update", "retry_count", "version") VALUES ('e576736e-6b90-4154-aa77-67f577ac28e7', 'REJECTED', TO_TIMESTAMP('2026-04-08 20:37:28', 'YYYY-MM-DD HH24:MI:SS'), 0, 1);
INSERT INTO "transactions_live" ("txn_id", "customer_id", "merchant_id", "channel_id", "card_number_masked", "amount", "currency_code", "txn_time", "status", "fraud_score", "created_at") VALUES ('1166d667-af19-44c0-96be-024fbc186aae', 'ef8e450d-a2c1-400b-82d1-ce6c749ec094', 'a9f52635-2b5e-4edd-964e-9f0461376e65', 2, '4222********4234', 986.43, 'VND', TO_TIMESTAMP('2026-02-20 20:37:28', 'YYYY-MM-DD HH24:MI:SS'), 'PENDING', 0.8138, TO_TIMESTAMP('2026-02-20 20:37:28', 'YYYY-MM-DD HH24:MI:SS'));
INSERT INTO "txn_state" ("txn_id", "status", "last_update", "retry_count", "version") VALUES ('1166d667-af19-44c0-96be-024fbc186aae', 'PENDING', TO_TIMESTAMP('2026-02-20 20:37:28', 'YYYY-MM-DD HH24:MI:SS'), 0, 1);
INSERT INTO "transactions_live" ("txn_id", "customer_id", "merchant_id", "channel_id", "card_number_masked", "amount", "currency_code", "txn_time", "status", "fraud_score", "created_at") VALUES ('ff50d386-c225-4a9d-9def-8fa2f5326791', '4dd00a72-2010-4803-9c88-46ab6e132cb8', 'd1d0baa6-b60a-4352-ba1c-4d3fcab8924f', 1, '4222********2486', 8171.89, 'VND', TO_TIMESTAMP('2026-03-10 20:37:28', 'YYYY-MM-DD HH24:MI:SS'), 'REJECTED', 0.3573, TO_TIMESTAMP('2026-03-10 20:37:28', 'YYYY-MM-DD HH24:MI:SS'));
INSERT INTO "txn_state" ("txn_id", "status", "last_update", "retry_count", "version") VALUES ('ff50d386-c225-4a9d-9def-8fa2f5326791', 'REJECTED', TO_TIMESTAMP('2026-03-10 20:37:28', 'YYYY-MM-DD HH24:MI:SS'), 0, 1);
INSERT INTO "transactions_live" ("txn_id", "customer_id", "merchant_id", "channel_id", "card_number_masked", "amount", "currency_code", "txn_time", "status", "fraud_score", "created_at") VALUES ('caefd83c-bd85-4ac6-b8b6-d7f5ff95adeb', '922567c7-9799-43fd-a5a9-1816eb943950', '0f8fc91c-bfe9-4096-9af7-c3a4fa8dcc06', 3, '4222********4130', 9532.3, 'VND', TO_TIMESTAMP('2026-03-21 20:37:28', 'YYYY-MM-DD HH24:MI:SS'), 'REJECTED', 0.7462, TO_TIMESTAMP('2026-03-21 20:37:28', 'YYYY-MM-DD HH24:MI:SS'));
INSERT INTO "txn_state" ("txn_id", "status", "last_update", "retry_count", "version") VALUES ('caefd83c-bd85-4ac6-b8b6-d7f5ff95adeb', 'REJECTED', TO_TIMESTAMP('2026-03-21 20:37:28', 'YYYY-MM-DD HH24:MI:SS'), 0, 1);
INSERT INTO "transactions_live" ("txn_id", "customer_id", "merchant_id", "channel_id", "card_number_masked", "amount", "currency_code", "txn_time", "status", "fraud_score", "created_at") VALUES ('4170e6f6-562d-439a-99e6-febc6c558ccb', '2022b0ca-ab47-48de-9d3c-ab982fa0fdd7', '3e3d3c09-4fd7-48e6-afc6-4c8e86a0d9eb', 2, '4222********4709', 4474.15, 'VND', TO_TIMESTAMP('2026-03-31 20:37:28', 'YYYY-MM-DD HH24:MI:SS'), 'MANUAL_REVIEW', 0.5923, TO_TIMESTAMP('2026-03-31 20:37:28', 'YYYY-MM-DD HH24:MI:SS'));
INSERT INTO "txn_state" ("txn_id", "status", "last_update", "retry_count", "version") VALUES ('4170e6f6-562d-439a-99e6-febc6c558ccb', 'MANUAL_REVIEW', TO_TIMESTAMP('2026-03-31 20:37:28', 'YYYY-MM-DD HH24:MI:SS'), 0, 1);
INSERT INTO "transactions_live" ("txn_id", "customer_id", "merchant_id", "channel_id", "card_number_masked", "amount", "currency_code", "txn_time", "status", "fraud_score", "created_at") VALUES ('f37429a1-153a-4c0b-84a1-be0d5cc03848', '4dd00a72-2010-4803-9c88-46ab6e132cb8', '1e9209d2-ade7-4ba7-8357-b01b54703733', 1, '4222********8231', 6892.29, 'VND', TO_TIMESTAMP('2026-02-23 20:37:28', 'YYYY-MM-DD HH24:MI:SS'), 'MANUAL_REVIEW', 0.8911, TO_TIMESTAMP('2026-02-23 20:37:28', 'YYYY-MM-DD HH24:MI:SS'));
INSERT INTO "txn_state" ("txn_id", "status", "last_update", "retry_count", "version") VALUES ('f37429a1-153a-4c0b-84a1-be0d5cc03848', 'MANUAL_REVIEW', TO_TIMESTAMP('2026-02-23 20:37:28', 'YYYY-MM-DD HH24:MI:SS'), 0, 1);
INSERT INTO "transactions_live" ("txn_id", "customer_id", "merchant_id", "channel_id", "card_number_masked", "amount", "currency_code", "txn_time", "status", "fraud_score", "created_at") VALUES ('f3195ecd-6b5a-4492-9a0a-8e59c8f9dcba', '6db7598d-85de-421b-80df-4db2c2ead318', '90b94833-8aba-4cb7-94bc-59c753549eb3', 3, '4222********7576', 268.78, 'VND', TO_TIMESTAMP('2026-01-10 20:37:28', 'YYYY-MM-DD HH24:MI:SS'), 'MANUAL_REVIEW', 0.828, TO_TIMESTAMP('2026-01-10 20:37:28', 'YYYY-MM-DD HH24:MI:SS'));
INSERT INTO "txn_state" ("txn_id", "status", "last_update", "retry_count", "version") VALUES ('f3195ecd-6b5a-4492-9a0a-8e59c8f9dcba', 'MANUAL_REVIEW', TO_TIMESTAMP('2026-01-10 20:37:28', 'YYYY-MM-DD HH24:MI:SS'), 0, 1);
INSERT INTO "transactions_live" ("txn_id", "customer_id", "merchant_id", "channel_id", "card_number_masked", "amount", "currency_code", "txn_time", "status", "fraud_score", "created_at") VALUES ('4bf28250-af08-4ee6-bf50-5fe61f3d457a', '73eb5b67-7b99-43a9-839b-ae7f9495ada5', '188e7f9a-61dc-4bfc-9996-41e3a5ba7c82', 3, '4222********1636', 236.08, 'VND', TO_TIMESTAMP('2026-01-09 20:37:28', 'YYYY-MM-DD HH24:MI:SS'), 'APPROVED', 0.8933, TO_TIMESTAMP('2026-01-09 20:37:28', 'YYYY-MM-DD HH24:MI:SS'));
INSERT INTO "txn_state" ("txn_id", "status", "last_update", "retry_count", "version") VALUES ('4bf28250-af08-4ee6-bf50-5fe61f3d457a', 'APPROVED', TO_TIMESTAMP('2026-01-09 20:37:28', 'YYYY-MM-DD HH24:MI:SS'), 0, 1);
INSERT INTO "transactions_live" ("txn_id", "customer_id", "merchant_id", "channel_id", "card_number_masked", "amount", "currency_code", "txn_time", "status", "fraud_score", "created_at") VALUES ('bf3c0d11-40d7-47c6-b891-cb32a6d4d844', 'e701cd9c-e1b1-413a-b516-d701f8864af7', 'fc6580c9-c032-4d75-bf39-ecf63324ca32', 2, '4222********6683', 132.13, 'VND', TO_TIMESTAMP('2026-02-12 20:37:28', 'YYYY-MM-DD HH24:MI:SS'), 'APPROVED', 0.108, TO_TIMESTAMP('2026-02-12 20:37:28', 'YYYY-MM-DD HH24:MI:SS'));
INSERT INTO "txn_state" ("txn_id", "status", "last_update", "retry_count", "version") VALUES ('bf3c0d11-40d7-47c6-b891-cb32a6d4d844', 'APPROVED', TO_TIMESTAMP('2026-02-12 20:37:28', 'YYYY-MM-DD HH24:MI:SS'), 0, 1);
INSERT INTO "transactions_live" ("txn_id", "customer_id", "merchant_id", "channel_id", "card_number_masked", "amount", "currency_code", "txn_time", "status", "fraud_score", "created_at") VALUES ('3a5fd716-ec41-4a99-9456-d19a55a4ddc3', '862dfdc8-0ffa-4e70-9d64-709514970f4c', '2adf2555-b26f-4474-9050-84005008238f', 2, '4222********5853', 3886.28, 'VND', TO_TIMESTAMP('2026-02-16 20:37:28', 'YYYY-MM-DD HH24:MI:SS'), 'MANUAL_REVIEW', 0.7259, TO_TIMESTAMP('2026-02-16 20:37:28', 'YYYY-MM-DD HH24:MI:SS'));
INSERT INTO "txn_state" ("txn_id", "status", "last_update", "retry_count", "version") VALUES ('3a5fd716-ec41-4a99-9456-d19a55a4ddc3', 'MANUAL_REVIEW', TO_TIMESTAMP('2026-02-16 20:37:28', 'YYYY-MM-DD HH24:MI:SS'), 0, 1);
INSERT INTO "transactions_live" ("txn_id", "customer_id", "merchant_id", "channel_id", "card_number_masked", "amount", "currency_code", "txn_time", "status", "fraud_score", "created_at") VALUES ('ffeec909-1e38-4956-ae42-f3a4516a47eb', '89e4ce6b-5709-45cf-887b-0e313e881a33', '336beaef-5b83-45d0-9937-57acef2ef4f3', 2, '4222********1290', 7527.01, 'VND', TO_TIMESTAMP('2026-02-27 20:37:28', 'YYYY-MM-DD HH24:MI:SS'), 'PENDING', 0.1607, TO_TIMESTAMP('2026-02-27 20:37:28', 'YYYY-MM-DD HH24:MI:SS'));
INSERT INTO "txn_state" ("txn_id", "status", "last_update", "retry_count", "version") VALUES ('ffeec909-1e38-4956-ae42-f3a4516a47eb', 'PENDING', TO_TIMESTAMP('2026-02-27 20:37:28', 'YYYY-MM-DD HH24:MI:SS'), 0, 1);
INSERT INTO "transactions_live" ("txn_id", "customer_id", "merchant_id", "channel_id", "card_number_masked", "amount", "currency_code", "txn_time", "status", "fraud_score", "created_at") VALUES ('c971731d-8885-46d8-9e9d-702d3a9dad9a', '9acf5ea8-ec08-44f0-907f-c6400863d1de', '63fb374d-fece-4590-a9e7-4e7f8053dea2', 2, '4222********8500', 8097.16, 'VND', TO_TIMESTAMP('2026-02-05 20:37:28', 'YYYY-MM-DD HH24:MI:SS'), 'MANUAL_REVIEW', 0.9154, TO_TIMESTAMP('2026-02-05 20:37:28', 'YYYY-MM-DD HH24:MI:SS'));
INSERT INTO "txn_state" ("txn_id", "status", "last_update", "retry_count", "version") VALUES ('c971731d-8885-46d8-9e9d-702d3a9dad9a', 'MANUAL_REVIEW', TO_TIMESTAMP('2026-02-05 20:37:28', 'YYYY-MM-DD HH24:MI:SS'), 0, 1);
INSERT INTO "transactions_live" ("txn_id", "customer_id", "merchant_id", "channel_id", "card_number_masked", "amount", "currency_code", "txn_time", "status", "fraud_score", "created_at") VALUES ('32334bdf-c553-48a4-8055-d8b0e7c903fe', 'e701cd9c-e1b1-413a-b516-d701f8864af7', '34fbd2c7-d9b2-4e9f-8977-e51b39410ce1', 3, '4222********8988', 7579.43, 'VND', TO_TIMESTAMP('2026-02-13 20:37:28', 'YYYY-MM-DD HH24:MI:SS'), 'REJECTED', 0.0504, TO_TIMESTAMP('2026-02-13 20:37:28', 'YYYY-MM-DD HH24:MI:SS'));
INSERT INTO "txn_state" ("txn_id", "status", "last_update", "retry_count", "version") VALUES ('32334bdf-c553-48a4-8055-d8b0e7c903fe', 'REJECTED', TO_TIMESTAMP('2026-02-13 20:37:28', 'YYYY-MM-DD HH24:MI:SS'), 0, 1);
INSERT INTO "transactions_live" ("txn_id", "customer_id", "merchant_id", "channel_id", "card_number_masked", "amount", "currency_code", "txn_time", "status", "fraud_score", "created_at") VALUES ('711f9f91-7117-4796-aa89-405cd91b58da', '2137e3e6-e89f-42a4-917c-faca8e9aad08', '2c26fba6-ac2c-4237-988b-e9a435d9ef63', 2, '4222********4329', 8326.18, 'VND', TO_TIMESTAMP('2026-01-24 20:37:28', 'YYYY-MM-DD HH24:MI:SS'), 'APPROVED', 0.5608, TO_TIMESTAMP('2026-01-24 20:37:28', 'YYYY-MM-DD HH24:MI:SS'));
INSERT INTO "txn_state" ("txn_id", "status", "last_update", "retry_count", "version") VALUES ('711f9f91-7117-4796-aa89-405cd91b58da', 'APPROVED', TO_TIMESTAMP('2026-01-24 20:37:28', 'YYYY-MM-DD HH24:MI:SS'), 0, 1);
INSERT INTO "transactions_live" ("txn_id", "customer_id", "merchant_id", "channel_id", "card_number_masked", "amount", "currency_code", "txn_time", "status", "fraud_score", "created_at") VALUES ('53bd4ee2-2d52-4ffe-aff2-1491a1c624c0', '0d9fb6e3-53ef-4614-aaaf-3d970b71aa5a', '9b0b4a3a-ad87-4b4b-b81d-821f4d7dd598', 2, '4222********8701', 6452.34, 'VND', TO_TIMESTAMP('2026-03-19 20:37:28', 'YYYY-MM-DD HH24:MI:SS'), 'REJECTED', 0.0273, TO_TIMESTAMP('2026-03-19 20:37:28', 'YYYY-MM-DD HH24:MI:SS'));
INSERT INTO "txn_state" ("txn_id", "status", "last_update", "retry_count", "version") VALUES ('53bd4ee2-2d52-4ffe-aff2-1491a1c624c0', 'REJECTED', TO_TIMESTAMP('2026-03-19 20:37:28', 'YYYY-MM-DD HH24:MI:SS'), 0, 1);
INSERT INTO "transactions_live" ("txn_id", "customer_id", "merchant_id", "channel_id", "card_number_masked", "amount", "currency_code", "txn_time", "status", "fraud_score", "created_at") VALUES ('0313d3df-7cf4-4a0c-9f0b-aaf30cd87048', '4b9af179-15f0-4491-89ba-53eb792f90f4', '59e66d3c-a8be-4264-8462-64e7bdb179e4', 1, '4222********7711', 949.52, 'VND', TO_TIMESTAMP('2026-01-29 20:37:28', 'YYYY-MM-DD HH24:MI:SS'), 'REJECTED', 0.5458, TO_TIMESTAMP('2026-01-29 20:37:28', 'YYYY-MM-DD HH24:MI:SS'));
INSERT INTO "txn_state" ("txn_id", "status", "last_update", "retry_count", "version") VALUES ('0313d3df-7cf4-4a0c-9f0b-aaf30cd87048', 'REJECTED', TO_TIMESTAMP('2026-01-29 20:37:28', 'YYYY-MM-DD HH24:MI:SS'), 0, 1);
INSERT INTO "transactions_live" ("txn_id", "customer_id", "merchant_id", "channel_id", "card_number_masked", "amount", "currency_code", "txn_time", "status", "fraud_score", "created_at") VALUES ('1304fe4a-b6c7-4036-9858-aae31a35c294', 'cf9044ce-f8e0-459b-b311-e24419a27b9f', 'c350454a-966c-49d5-8c63-fb2e5df457b6', 3, '4222********2600', 6216.42, 'VND', TO_TIMESTAMP('2026-02-20 20:37:28', 'YYYY-MM-DD HH24:MI:SS'), 'MANUAL_REVIEW', 0.7925, TO_TIMESTAMP('2026-02-20 20:37:28', 'YYYY-MM-DD HH24:MI:SS'));
INSERT INTO "txn_state" ("txn_id", "status", "last_update", "retry_count", "version") VALUES ('1304fe4a-b6c7-4036-9858-aae31a35c294', 'MANUAL_REVIEW', TO_TIMESTAMP('2026-02-20 20:37:28', 'YYYY-MM-DD HH24:MI:SS'), 0, 1);
INSERT INTO "transactions_live" ("txn_id", "customer_id", "merchant_id", "channel_id", "card_number_masked", "amount", "currency_code", "txn_time", "status", "fraud_score", "created_at") VALUES ('c8bb9643-e6bd-4275-b492-8528c9152c70', '2137e3e6-e89f-42a4-917c-faca8e9aad08', 'f1cda6f1-ef2c-47ae-8fe2-e22ab5ecc26c', 2, '4222********8846', 7148.6, 'VND', TO_TIMESTAMP('2026-03-10 20:37:28', 'YYYY-MM-DD HH24:MI:SS'), 'REJECTED', 0.3719, TO_TIMESTAMP('2026-03-10 20:37:28', 'YYYY-MM-DD HH24:MI:SS'));
INSERT INTO "txn_state" ("txn_id", "status", "last_update", "retry_count", "version") VALUES ('c8bb9643-e6bd-4275-b492-8528c9152c70', 'REJECTED', TO_TIMESTAMP('2026-03-10 20:37:28', 'YYYY-MM-DD HH24:MI:SS'), 0, 1);
INSERT INTO "transactions_live" ("txn_id", "customer_id", "merchant_id", "channel_id", "card_number_masked", "amount", "currency_code", "txn_time", "status", "fraud_score", "created_at") VALUES ('c55054f1-fdd1-4ed8-8d76-e3bece00160b', '82d9fb72-74f1-4a19-9bb1-17bfe45d794d', 'f76d58ae-da11-473f-a8e4-bfd9c84423da', 3, '4222********5009', 7975.26, 'VND', TO_TIMESTAMP('2026-01-07 20:37:28', 'YYYY-MM-DD HH24:MI:SS'), 'REJECTED', 0.8396, TO_TIMESTAMP('2026-01-07 20:37:28', 'YYYY-MM-DD HH24:MI:SS'));
INSERT INTO "txn_state" ("txn_id", "status", "last_update", "retry_count", "version") VALUES ('c55054f1-fdd1-4ed8-8d76-e3bece00160b', 'REJECTED', TO_TIMESTAMP('2026-01-07 20:37:28', 'YYYY-MM-DD HH24:MI:SS'), 0, 1);
INSERT INTO "transactions_live" ("txn_id", "customer_id", "merchant_id", "channel_id", "card_number_masked", "amount", "currency_code", "txn_time", "status", "fraud_score", "created_at") VALUES ('d8b35d18-a771-465e-9f8d-cde8cf19ae6b', '6810b066-27e9-4e63-a770-68457ce3740b', 'f49fbadb-8aa7-42ff-b4fe-1a742892d6e6', 2, '4222********4314', 6175.26, 'VND', TO_TIMESTAMP('2026-03-26 20:37:28', 'YYYY-MM-DD HH24:MI:SS'), 'PENDING', 0.6574, TO_TIMESTAMP('2026-03-26 20:37:28', 'YYYY-MM-DD HH24:MI:SS'));
INSERT INTO "txn_state" ("txn_id", "status", "last_update", "retry_count", "version") VALUES ('d8b35d18-a771-465e-9f8d-cde8cf19ae6b', 'PENDING', TO_TIMESTAMP('2026-03-26 20:37:28', 'YYYY-MM-DD HH24:MI:SS'), 0, 1);
INSERT INTO "transactions_live" ("txn_id", "customer_id", "merchant_id", "channel_id", "card_number_masked", "amount", "currency_code", "txn_time", "status", "fraud_score", "created_at") VALUES ('6f98a651-85c2-4537-bc1c-b5dcb947c099', 'cb4a53ad-2d25-41af-9944-b8c542da27e7', '12ddceb1-547e-4113-9730-9b1875c003c8', 3, '4222********2424', 5444.58, 'VND', TO_TIMESTAMP('2026-01-12 20:37:28', 'YYYY-MM-DD HH24:MI:SS'), 'APPROVED', 0.2437, TO_TIMESTAMP('2026-01-12 20:37:28', 'YYYY-MM-DD HH24:MI:SS'));
INSERT INTO "txn_state" ("txn_id", "status", "last_update", "retry_count", "version") VALUES ('6f98a651-85c2-4537-bc1c-b5dcb947c099', 'APPROVED', TO_TIMESTAMP('2026-01-12 20:37:28', 'YYYY-MM-DD HH24:MI:SS'), 0, 1);
INSERT INTO "transactions_live" ("txn_id", "customer_id", "merchant_id", "channel_id", "card_number_masked", "amount", "currency_code", "txn_time", "status", "fraud_score", "created_at") VALUES ('67fcf761-c2c6-4b70-9575-3dd4c9e10e44', '4db69a0e-436f-4c7a-8807-50aa68523940', 'eef10b05-943b-4c89-9a1f-397731a32c63', 3, '4222********3170', 2003.12, 'VND', TO_TIMESTAMP('2026-04-09 20:37:28', 'YYYY-MM-DD HH24:MI:SS'), 'PENDING', 0.7731, TO_TIMESTAMP('2026-04-09 20:37:28', 'YYYY-MM-DD HH24:MI:SS'));
INSERT INTO "txn_state" ("txn_id", "status", "last_update", "retry_count", "version") VALUES ('67fcf761-c2c6-4b70-9575-3dd4c9e10e44', 'PENDING', TO_TIMESTAMP('2026-04-09 20:37:28', 'YYYY-MM-DD HH24:MI:SS'), 0, 1);
INSERT INTO "transactions_live" ("txn_id", "customer_id", "merchant_id", "channel_id", "card_number_masked", "amount", "currency_code", "txn_time", "status", "fraud_score", "created_at") VALUES ('d6455726-9507-45ed-a905-ac6c3c7a52a2', 'c3fc6984-a723-4c77-bac9-a9cf58a8f533', '99446e0e-3c2e-4465-a24c-dacd24dbf4f3', 1, '4222********1911', 9793.83, 'VND', TO_TIMESTAMP('2026-03-15 20:37:28', 'YYYY-MM-DD HH24:MI:SS'), 'PENDING', 0.7101, TO_TIMESTAMP('2026-03-15 20:37:28', 'YYYY-MM-DD HH24:MI:SS'));
INSERT INTO "txn_state" ("txn_id", "status", "last_update", "retry_count", "version") VALUES ('d6455726-9507-45ed-a905-ac6c3c7a52a2', 'PENDING', TO_TIMESTAMP('2026-03-15 20:37:28', 'YYYY-MM-DD HH24:MI:SS'), 0, 1);
INSERT INTO "transactions_live" ("txn_id", "customer_id", "merchant_id", "channel_id", "card_number_masked", "amount", "currency_code", "txn_time", "status", "fraud_score", "created_at") VALUES ('8ff78ba4-61f6-4557-b435-e93003b3f5f5', 'b0542b4f-b29a-404f-9809-73b06cfbbf60', 'fb2337a7-bb10-494b-96b9-e2db9ce61761', 2, '4222********3045', 7727.79, 'VND', TO_TIMESTAMP('2026-01-23 20:37:28', 'YYYY-MM-DD HH24:MI:SS'), 'MANUAL_REVIEW', 0.2445, TO_TIMESTAMP('2026-01-23 20:37:28', 'YYYY-MM-DD HH24:MI:SS'));
INSERT INTO "txn_state" ("txn_id", "status", "last_update", "retry_count", "version") VALUES ('8ff78ba4-61f6-4557-b435-e93003b3f5f5', 'MANUAL_REVIEW', TO_TIMESTAMP('2026-01-23 20:37:28', 'YYYY-MM-DD HH24:MI:SS'), 0, 1);
INSERT INTO "transactions_live" ("txn_id", "customer_id", "merchant_id", "channel_id", "card_number_masked", "amount", "currency_code", "txn_time", "status", "fraud_score", "created_at") VALUES ('a48b692d-0ba1-4906-9abd-c04017b14730', 'f49abb2b-f5b9-4cf7-a6e6-2adcb8909a0d', '1ffcbf55-3177-4ae2-92c4-c06e74e3a1da', 2, '4222********5903', 6282.86, 'VND', TO_TIMESTAMP('2026-03-06 20:37:28', 'YYYY-MM-DD HH24:MI:SS'), 'PENDING', 0.8851, TO_TIMESTAMP('2026-03-06 20:37:28', 'YYYY-MM-DD HH24:MI:SS'));
INSERT INTO "txn_state" ("txn_id", "status", "last_update", "retry_count", "version") VALUES ('a48b692d-0ba1-4906-9abd-c04017b14730', 'PENDING', TO_TIMESTAMP('2026-03-06 20:37:28', 'YYYY-MM-DD HH24:MI:SS'), 0, 1);
INSERT INTO "transactions_live" ("txn_id", "customer_id", "merchant_id", "channel_id", "card_number_masked", "amount", "currency_code", "txn_time", "status", "fraud_score", "created_at") VALUES ('7a913b00-b7cd-45e0-9ec8-53d058d3b855', '862dfdc8-0ffa-4e70-9d64-709514970f4c', '5afcd642-5b5e-4d1a-848d-341aa99741b5', 3, '4222********5562', 1631.07, 'VND', TO_TIMESTAMP('2026-04-09 20:37:28', 'YYYY-MM-DD HH24:MI:SS'), 'MANUAL_REVIEW', 0.9075, TO_TIMESTAMP('2026-04-09 20:37:28', 'YYYY-MM-DD HH24:MI:SS'));
INSERT INTO "txn_state" ("txn_id", "status", "last_update", "retry_count", "version") VALUES ('7a913b00-b7cd-45e0-9ec8-53d058d3b855', 'MANUAL_REVIEW', TO_TIMESTAMP('2026-04-09 20:37:28', 'YYYY-MM-DD HH24:MI:SS'), 0, 1);
INSERT INTO "transactions_live" ("txn_id", "customer_id", "merchant_id", "channel_id", "card_number_masked", "amount", "currency_code", "txn_time", "status", "fraud_score", "created_at") VALUES ('d20e2072-3614-4cb9-9147-f185f25b3fe3', 'e8e4aa71-a238-47dd-abe6-994d6a8ce7a2', '6dbb230b-9ef7-4f9e-b31b-f9903db16fc9', 2, '4222********5543', 9156.93, 'VND', TO_TIMESTAMP('2026-02-04 20:37:28', 'YYYY-MM-DD HH24:MI:SS'), 'APPROVED', 0.9794, TO_TIMESTAMP('2026-02-04 20:37:28', 'YYYY-MM-DD HH24:MI:SS'));
INSERT INTO "txn_state" ("txn_id", "status", "last_update", "retry_count", "version") VALUES ('d20e2072-3614-4cb9-9147-f185f25b3fe3', 'APPROVED', TO_TIMESTAMP('2026-02-04 20:37:28', 'YYYY-MM-DD HH24:MI:SS'), 0, 1);
INSERT INTO "transactions_live" ("txn_id", "customer_id", "merchant_id", "channel_id", "card_number_masked", "amount", "currency_code", "txn_time", "status", "fraud_score", "created_at") VALUES ('142d7172-a819-427c-a686-004f62bf5d96', 'd8695e32-75ce-435d-bdd6-8f11747d0dde', 'a9f52635-2b5e-4edd-964e-9f0461376e65', 2, '4222********2691', 6965.4, 'VND', TO_TIMESTAMP('2026-02-05 20:37:28', 'YYYY-MM-DD HH24:MI:SS'), 'PENDING', 0.1026, TO_TIMESTAMP('2026-02-05 20:37:28', 'YYYY-MM-DD HH24:MI:SS'));
INSERT INTO "txn_state" ("txn_id", "status", "last_update", "retry_count", "version") VALUES ('142d7172-a819-427c-a686-004f62bf5d96', 'PENDING', TO_TIMESTAMP('2026-02-05 20:37:28', 'YYYY-MM-DD HH24:MI:SS'), 0, 1);
INSERT INTO "transactions_live" ("txn_id", "customer_id", "merchant_id", "channel_id", "card_number_masked", "amount", "currency_code", "txn_time", "status", "fraud_score", "created_at") VALUES ('44a432cf-f757-4794-bd20-e1dd966d2015', '2f6793bc-8671-402d-bd9a-feca3d6e7f39', '09c11729-1c0e-46cf-8381-1e07ebaf375b', 1, '4222********2716', 7359.73, 'VND', TO_TIMESTAMP('2026-02-08 20:37:28', 'YYYY-MM-DD HH24:MI:SS'), 'APPROVED', 0.5857, TO_TIMESTAMP('2026-02-08 20:37:28', 'YYYY-MM-DD HH24:MI:SS'));
INSERT INTO "txn_state" ("txn_id", "status", "last_update", "retry_count", "version") VALUES ('44a432cf-f757-4794-bd20-e1dd966d2015', 'APPROVED', TO_TIMESTAMP('2026-02-08 20:37:28', 'YYYY-MM-DD HH24:MI:SS'), 0, 1);
INSERT INTO "transactions_live" ("txn_id", "customer_id", "merchant_id", "channel_id", "card_number_masked", "amount", "currency_code", "txn_time", "status", "fraud_score", "created_at") VALUES ('4cc2af40-1f5e-4e7d-ae63-ca278ae0ad69', '862dfdc8-0ffa-4e70-9d64-709514970f4c', 'f1cda6f1-ef2c-47ae-8fe2-e22ab5ecc26c', 1, '4222********9036', 9357.39, 'VND', TO_TIMESTAMP('2026-02-22 20:37:28', 'YYYY-MM-DD HH24:MI:SS'), 'MANUAL_REVIEW', 0.3971, TO_TIMESTAMP('2026-02-22 20:37:28', 'YYYY-MM-DD HH24:MI:SS'));
INSERT INTO "txn_state" ("txn_id", "status", "last_update", "retry_count", "version") VALUES ('4cc2af40-1f5e-4e7d-ae63-ca278ae0ad69', 'MANUAL_REVIEW', TO_TIMESTAMP('2026-02-22 20:37:28', 'YYYY-MM-DD HH24:MI:SS'), 0, 1);

INSERT INTO "dim_time" ("time_id", "full_date", "day_num", "month_num", "year_num", "quarter_num", "is_weekend") VALUES (1, TO_DATE('2026-04-13', 'YYYY-MM-DD'), 13, 4, 2026, 2, 0);
INSERT INTO "dim_time" ("time_id", "full_date", "day_num", "month_num", "year_num", "quarter_num", "is_weekend") VALUES (2, TO_DATE('2026-04-12', 'YYYY-MM-DD'), 12, 4, 2026, 2, 1);
INSERT INTO "dim_time" ("time_id", "full_date", "day_num", "month_num", "year_num", "quarter_num", "is_weekend") VALUES (3, TO_DATE('2026-04-11', 'YYYY-MM-DD'), 11, 4, 2026, 2, 1);
INSERT INTO "dim_time" ("time_id", "full_date", "day_num", "month_num", "year_num", "quarter_num", "is_weekend") VALUES (4, TO_DATE('2026-04-10', 'YYYY-MM-DD'), 10, 4, 2026, 2, 0);
INSERT INTO "dim_time" ("time_id", "full_date", "day_num", "month_num", "year_num", "quarter_num", "is_weekend") VALUES (5, TO_DATE('2026-04-09', 'YYYY-MM-DD'), 9, 4, 2026, 2, 0);
INSERT INTO "dim_time" ("time_id", "full_date", "day_num", "month_num", "year_num", "quarter_num", "is_weekend") VALUES (6, TO_DATE('2026-04-08', 'YYYY-MM-DD'), 8, 4, 2026, 2, 0);
INSERT INTO "dim_time" ("time_id", "full_date", "day_num", "month_num", "year_num", "quarter_num", "is_weekend") VALUES (7, TO_DATE('2026-04-07', 'YYYY-MM-DD'), 7, 4, 2026, 2, 0);
INSERT INTO "dim_time" ("time_id", "full_date", "day_num", "month_num", "year_num", "quarter_num", "is_weekend") VALUES (8, TO_DATE('2026-04-06', 'YYYY-MM-DD'), 6, 4, 2026, 2, 0);
INSERT INTO "dim_time" ("time_id", "full_date", "day_num", "month_num", "year_num", "quarter_num", "is_weekend") VALUES (9, TO_DATE('2026-04-05', 'YYYY-MM-DD'), 5, 4, 2026, 2, 1);
INSERT INTO "dim_time" ("time_id", "full_date", "day_num", "month_num", "year_num", "quarter_num", "is_weekend") VALUES (10, TO_DATE('2026-04-04', 'YYYY-MM-DD'), 4, 4, 2026, 2, 1);
INSERT INTO "dim_time" ("time_id", "full_date", "day_num", "month_num", "year_num", "quarter_num", "is_weekend") VALUES (11, TO_DATE('2026-04-03', 'YYYY-MM-DD'), 3, 4, 2026, 2, 0);
INSERT INTO "dim_time" ("time_id", "full_date", "day_num", "month_num", "year_num", "quarter_num", "is_weekend") VALUES (12, TO_DATE('2026-04-02', 'YYYY-MM-DD'), 2, 4, 2026, 2, 0);
INSERT INTO "dim_time" ("time_id", "full_date", "day_num", "month_num", "year_num", "quarter_num", "is_weekend") VALUES (13, TO_DATE('2026-04-01', 'YYYY-MM-DD'), 1, 4, 2026, 2, 0);
INSERT INTO "dim_time" ("time_id", "full_date", "day_num", "month_num", "year_num", "quarter_num", "is_weekend") VALUES (14, TO_DATE('2026-03-31', 'YYYY-MM-DD'), 31, 3, 2026, 1, 0);
INSERT INTO "dim_time" ("time_id", "full_date", "day_num", "month_num", "year_num", "quarter_num", "is_weekend") VALUES (15, TO_DATE('2026-03-30', 'YYYY-MM-DD'), 30, 3, 2026, 1, 0);
INSERT INTO "dim_time" ("time_id", "full_date", "day_num", "month_num", "year_num", "quarter_num", "is_weekend") VALUES (16, TO_DATE('2026-03-29', 'YYYY-MM-DD'), 29, 3, 2026, 1, 1);
INSERT INTO "dim_time" ("time_id", "full_date", "day_num", "month_num", "year_num", "quarter_num", "is_weekend") VALUES (17, TO_DATE('2026-03-28', 'YYYY-MM-DD'), 28, 3, 2026, 1, 1);
INSERT INTO "dim_time" ("time_id", "full_date", "day_num", "month_num", "year_num", "quarter_num", "is_weekend") VALUES (18, TO_DATE('2026-03-27', 'YYYY-MM-DD'), 27, 3, 2026, 1, 0);
INSERT INTO "dim_time" ("time_id", "full_date", "day_num", "month_num", "year_num", "quarter_num", "is_weekend") VALUES (19, TO_DATE('2026-03-26', 'YYYY-MM-DD'), 26, 3, 2026, 1, 0);
INSERT INTO "dim_time" ("time_id", "full_date", "day_num", "month_num", "year_num", "quarter_num", "is_weekend") VALUES (20, TO_DATE('2026-03-25', 'YYYY-MM-DD'), 25, 3, 2026, 1, 0);
INSERT INTO "dim_time" ("time_id", "full_date", "day_num", "month_num", "year_num", "quarter_num", "is_weekend") VALUES (21, TO_DATE('2026-03-24', 'YYYY-MM-DD'), 24, 3, 2026, 1, 0);
INSERT INTO "dim_time" ("time_id", "full_date", "day_num", "month_num", "year_num", "quarter_num", "is_weekend") VALUES (22, TO_DATE('2026-03-23', 'YYYY-MM-DD'), 23, 3, 2026, 1, 0);
INSERT INTO "dim_time" ("time_id", "full_date", "day_num", "month_num", "year_num", "quarter_num", "is_weekend") VALUES (23, TO_DATE('2026-03-22', 'YYYY-MM-DD'), 22, 3, 2026, 1, 1);
INSERT INTO "dim_time" ("time_id", "full_date", "day_num", "month_num", "year_num", "quarter_num", "is_weekend") VALUES (24, TO_DATE('2026-03-21', 'YYYY-MM-DD'), 21, 3, 2026, 1, 1);
INSERT INTO "dim_time" ("time_id", "full_date", "day_num", "month_num", "year_num", "quarter_num", "is_weekend") VALUES (25, TO_DATE('2026-03-20', 'YYYY-MM-DD'), 20, 3, 2026, 1, 0);
INSERT INTO "dim_time" ("time_id", "full_date", "day_num", "month_num", "year_num", "quarter_num", "is_weekend") VALUES (26, TO_DATE('2026-03-19', 'YYYY-MM-DD'), 19, 3, 2026, 1, 0);
INSERT INTO "dim_time" ("time_id", "full_date", "day_num", "month_num", "year_num", "quarter_num", "is_weekend") VALUES (27, TO_DATE('2026-03-18', 'YYYY-MM-DD'), 18, 3, 2026, 1, 0);
INSERT INTO "dim_time" ("time_id", "full_date", "day_num", "month_num", "year_num", "quarter_num", "is_weekend") VALUES (28, TO_DATE('2026-03-17', 'YYYY-MM-DD'), 17, 3, 2026, 1, 0);
INSERT INTO "dim_time" ("time_id", "full_date", "day_num", "month_num", "year_num", "quarter_num", "is_weekend") VALUES (29, TO_DATE('2026-03-16', 'YYYY-MM-DD'), 16, 3, 2026, 1, 0);
INSERT INTO "dim_time" ("time_id", "full_date", "day_num", "month_num", "year_num", "quarter_num", "is_weekend") VALUES (30, TO_DATE('2026-03-15', 'YYYY-MM-DD'), 15, 3, 2026, 1, 1);
INSERT INTO "dim_time" ("time_id", "full_date", "day_num", "month_num", "year_num", "quarter_num", "is_weekend") VALUES (31, TO_DATE('2026-03-14', 'YYYY-MM-DD'), 14, 3, 2026, 1, 1);
INSERT INTO "dim_time" ("time_id", "full_date", "day_num", "month_num", "year_num", "quarter_num", "is_weekend") VALUES (32, TO_DATE('2026-03-13', 'YYYY-MM-DD'), 13, 3, 2026, 1, 0);
INSERT INTO "dim_time" ("time_id", "full_date", "day_num", "month_num", "year_num", "quarter_num", "is_weekend") VALUES (33, TO_DATE('2026-03-12', 'YYYY-MM-DD'), 12, 3, 2026, 1, 0);
INSERT INTO "dim_time" ("time_id", "full_date", "day_num", "month_num", "year_num", "quarter_num", "is_weekend") VALUES (34, TO_DATE('2026-03-11', 'YYYY-MM-DD'), 11, 3, 2026, 1, 0);
INSERT INTO "dim_time" ("time_id", "full_date", "day_num", "month_num", "year_num", "quarter_num", "is_weekend") VALUES (35, TO_DATE('2026-03-10', 'YYYY-MM-DD'), 10, 3, 2026, 1, 0);
INSERT INTO "dim_time" ("time_id", "full_date", "day_num", "month_num", "year_num", "quarter_num", "is_weekend") VALUES (36, TO_DATE('2026-03-09', 'YYYY-MM-DD'), 9, 3, 2026, 1, 0);
INSERT INTO "dim_time" ("time_id", "full_date", "day_num", "month_num", "year_num", "quarter_num", "is_weekend") VALUES (37, TO_DATE('2026-03-08', 'YYYY-MM-DD'), 8, 3, 2026, 1, 1);
INSERT INTO "dim_time" ("time_id", "full_date", "day_num", "month_num", "year_num", "quarter_num", "is_weekend") VALUES (38, TO_DATE('2026-03-07', 'YYYY-MM-DD'), 7, 3, 2026, 1, 1);
INSERT INTO "dim_time" ("time_id", "full_date", "day_num", "month_num", "year_num", "quarter_num", "is_weekend") VALUES (39, TO_DATE('2026-03-06', 'YYYY-MM-DD'), 6, 3, 2026, 1, 0);
INSERT INTO "dim_time" ("time_id", "full_date", "day_num", "month_num", "year_num", "quarter_num", "is_weekend") VALUES (40, TO_DATE('2026-03-05', 'YYYY-MM-DD'), 5, 3, 2026, 1, 0);
INSERT INTO "dim_time" ("time_id", "full_date", "day_num", "month_num", "year_num", "quarter_num", "is_weekend") VALUES (41, TO_DATE('2026-03-04', 'YYYY-MM-DD'), 4, 3, 2026, 1, 0);
INSERT INTO "dim_time" ("time_id", "full_date", "day_num", "month_num", "year_num", "quarter_num", "is_weekend") VALUES (42, TO_DATE('2026-03-03', 'YYYY-MM-DD'), 3, 3, 2026, 1, 0);
INSERT INTO "dim_time" ("time_id", "full_date", "day_num", "month_num", "year_num", "quarter_num", "is_weekend") VALUES (43, TO_DATE('2026-03-02', 'YYYY-MM-DD'), 2, 3, 2026, 1, 0);
INSERT INTO "dim_time" ("time_id", "full_date", "day_num", "month_num", "year_num", "quarter_num", "is_weekend") VALUES (44, TO_DATE('2026-03-01', 'YYYY-MM-DD'), 1, 3, 2026, 1, 1);
INSERT INTO "dim_time" ("time_id", "full_date", "day_num", "month_num", "year_num", "quarter_num", "is_weekend") VALUES (45, TO_DATE('2026-02-28', 'YYYY-MM-DD'), 28, 2, 2026, 1, 1);
INSERT INTO "dim_time" ("time_id", "full_date", "day_num", "month_num", "year_num", "quarter_num", "is_weekend") VALUES (46, TO_DATE('2026-02-27', 'YYYY-MM-DD'), 27, 2, 2026, 1, 0);
INSERT INTO "dim_time" ("time_id", "full_date", "day_num", "month_num", "year_num", "quarter_num", "is_weekend") VALUES (47, TO_DATE('2026-02-26', 'YYYY-MM-DD'), 26, 2, 2026, 1, 0);
INSERT INTO "dim_time" ("time_id", "full_date", "day_num", "month_num", "year_num", "quarter_num", "is_weekend") VALUES (48, TO_DATE('2026-02-25', 'YYYY-MM-DD'), 25, 2, 2026, 1, 0);
INSERT INTO "dim_time" ("time_id", "full_date", "day_num", "month_num", "year_num", "quarter_num", "is_weekend") VALUES (49, TO_DATE('2026-02-24', 'YYYY-MM-DD'), 24, 2, 2026, 1, 0);
INSERT INTO "dim_time" ("time_id", "full_date", "day_num", "month_num", "year_num", "quarter_num", "is_weekend") VALUES (50, TO_DATE('2026-02-23', 'YYYY-MM-DD'), 23, 2, 2026, 1, 0);
INSERT INTO "dim_time" ("time_id", "full_date", "day_num", "month_num", "year_num", "quarter_num", "is_weekend") VALUES (51, TO_DATE('2026-02-22', 'YYYY-MM-DD'), 22, 2, 2026, 1, 1);
INSERT INTO "dim_time" ("time_id", "full_date", "day_num", "month_num", "year_num", "quarter_num", "is_weekend") VALUES (52, TO_DATE('2026-02-21', 'YYYY-MM-DD'), 21, 2, 2026, 1, 1);
INSERT INTO "dim_time" ("time_id", "full_date", "day_num", "month_num", "year_num", "quarter_num", "is_weekend") VALUES (53, TO_DATE('2026-02-20', 'YYYY-MM-DD'), 20, 2, 2026, 1, 0);
INSERT INTO "dim_time" ("time_id", "full_date", "day_num", "month_num", "year_num", "quarter_num", "is_weekend") VALUES (54, TO_DATE('2026-02-19', 'YYYY-MM-DD'), 19, 2, 2026, 1, 0);
INSERT INTO "dim_time" ("time_id", "full_date", "day_num", "month_num", "year_num", "quarter_num", "is_weekend") VALUES (55, TO_DATE('2026-02-18', 'YYYY-MM-DD'), 18, 2, 2026, 1, 0);
INSERT INTO "dim_time" ("time_id", "full_date", "day_num", "month_num", "year_num", "quarter_num", "is_weekend") VALUES (56, TO_DATE('2026-02-17', 'YYYY-MM-DD'), 17, 2, 2026, 1, 0);
INSERT INTO "dim_time" ("time_id", "full_date", "day_num", "month_num", "year_num", "quarter_num", "is_weekend") VALUES (57, TO_DATE('2026-02-16', 'YYYY-MM-DD'), 16, 2, 2026, 1, 0);
INSERT INTO "dim_time" ("time_id", "full_date", "day_num", "month_num", "year_num", "quarter_num", "is_weekend") VALUES (58, TO_DATE('2026-02-15', 'YYYY-MM-DD'), 15, 2, 2026, 1, 1);
INSERT INTO "dim_time" ("time_id", "full_date", "day_num", "month_num", "year_num", "quarter_num", "is_weekend") VALUES (59, TO_DATE('2026-02-14', 'YYYY-MM-DD'), 14, 2, 2026, 1, 1);
INSERT INTO "dim_time" ("time_id", "full_date", "day_num", "month_num", "year_num", "quarter_num", "is_weekend") VALUES (60, TO_DATE('2026-02-13', 'YYYY-MM-DD'), 13, 2, 2026, 1, 0);
INSERT INTO "dim_time" ("time_id", "full_date", "day_num", "month_num", "year_num", "quarter_num", "is_weekend") VALUES (61, TO_DATE('2026-02-12', 'YYYY-MM-DD'), 12, 2, 2026, 1, 0);
INSERT INTO "dim_time" ("time_id", "full_date", "day_num", "month_num", "year_num", "quarter_num", "is_weekend") VALUES (62, TO_DATE('2026-02-11', 'YYYY-MM-DD'), 11, 2, 2026, 1, 0);
INSERT INTO "dim_time" ("time_id", "full_date", "day_num", "month_num", "year_num", "quarter_num", "is_weekend") VALUES (63, TO_DATE('2026-02-10', 'YYYY-MM-DD'), 10, 2, 2026, 1, 0);
INSERT INTO "dim_time" ("time_id", "full_date", "day_num", "month_num", "year_num", "quarter_num", "is_weekend") VALUES (64, TO_DATE('2026-02-09', 'YYYY-MM-DD'), 9, 2, 2026, 1, 0);
INSERT INTO "dim_time" ("time_id", "full_date", "day_num", "month_num", "year_num", "quarter_num", "is_weekend") VALUES (65, TO_DATE('2026-02-08', 'YYYY-MM-DD'), 8, 2, 2026, 1, 1);
INSERT INTO "dim_time" ("time_id", "full_date", "day_num", "month_num", "year_num", "quarter_num", "is_weekend") VALUES (66, TO_DATE('2026-02-07', 'YYYY-MM-DD'), 7, 2, 2026, 1, 1);
INSERT INTO "dim_time" ("time_id", "full_date", "day_num", "month_num", "year_num", "quarter_num", "is_weekend") VALUES (67, TO_DATE('2026-02-06', 'YYYY-MM-DD'), 6, 2, 2026, 1, 0);
INSERT INTO "dim_time" ("time_id", "full_date", "day_num", "month_num", "year_num", "quarter_num", "is_weekend") VALUES (68, TO_DATE('2026-02-05', 'YYYY-MM-DD'), 5, 2, 2026, 1, 0);
INSERT INTO "dim_time" ("time_id", "full_date", "day_num", "month_num", "year_num", "quarter_num", "is_weekend") VALUES (69, TO_DATE('2026-02-04', 'YYYY-MM-DD'), 4, 2, 2026, 1, 0);
INSERT INTO "dim_time" ("time_id", "full_date", "day_num", "month_num", "year_num", "quarter_num", "is_weekend") VALUES (70, TO_DATE('2026-02-03', 'YYYY-MM-DD'), 3, 2, 2026, 1, 0);
INSERT INTO "dim_time" ("time_id", "full_date", "day_num", "month_num", "year_num", "quarter_num", "is_weekend") VALUES (71, TO_DATE('2026-02-02', 'YYYY-MM-DD'), 2, 2, 2026, 1, 0);
INSERT INTO "dim_time" ("time_id", "full_date", "day_num", "month_num", "year_num", "quarter_num", "is_weekend") VALUES (72, TO_DATE('2026-02-01', 'YYYY-MM-DD'), 1, 2, 2026, 1, 1);
INSERT INTO "dim_time" ("time_id", "full_date", "day_num", "month_num", "year_num", "quarter_num", "is_weekend") VALUES (73, TO_DATE('2026-01-31', 'YYYY-MM-DD'), 31, 1, 2026, 1, 1);
INSERT INTO "dim_time" ("time_id", "full_date", "day_num", "month_num", "year_num", "quarter_num", "is_weekend") VALUES (74, TO_DATE('2026-01-30', 'YYYY-MM-DD'), 30, 1, 2026, 1, 0);
INSERT INTO "dim_time" ("time_id", "full_date", "day_num", "month_num", "year_num", "quarter_num", "is_weekend") VALUES (75, TO_DATE('2026-01-29', 'YYYY-MM-DD'), 29, 1, 2026, 1, 0);
INSERT INTO "dim_time" ("time_id", "full_date", "day_num", "month_num", "year_num", "quarter_num", "is_weekend") VALUES (76, TO_DATE('2026-01-28', 'YYYY-MM-DD'), 28, 1, 2026, 1, 0);
INSERT INTO "dim_time" ("time_id", "full_date", "day_num", "month_num", "year_num", "quarter_num", "is_weekend") VALUES (77, TO_DATE('2026-01-27', 'YYYY-MM-DD'), 27, 1, 2026, 1, 0);
INSERT INTO "dim_time" ("time_id", "full_date", "day_num", "month_num", "year_num", "quarter_num", "is_weekend") VALUES (78, TO_DATE('2026-01-26', 'YYYY-MM-DD'), 26, 1, 2026, 1, 0);
INSERT INTO "dim_time" ("time_id", "full_date", "day_num", "month_num", "year_num", "quarter_num", "is_weekend") VALUES (79, TO_DATE('2026-01-25', 'YYYY-MM-DD'), 25, 1, 2026, 1, 1);
INSERT INTO "dim_time" ("time_id", "full_date", "day_num", "month_num", "year_num", "quarter_num", "is_weekend") VALUES (80, TO_DATE('2026-01-24', 'YYYY-MM-DD'), 24, 1, 2026, 1, 1);
INSERT INTO "dim_time" ("time_id", "full_date", "day_num", "month_num", "year_num", "quarter_num", "is_weekend") VALUES (81, TO_DATE('2026-01-23', 'YYYY-MM-DD'), 23, 1, 2026, 1, 0);
INSERT INTO "dim_time" ("time_id", "full_date", "day_num", "month_num", "year_num", "quarter_num", "is_weekend") VALUES (82, TO_DATE('2026-01-22', 'YYYY-MM-DD'), 22, 1, 2026, 1, 0);
INSERT INTO "dim_time" ("time_id", "full_date", "day_num", "month_num", "year_num", "quarter_num", "is_weekend") VALUES (83, TO_DATE('2026-01-21', 'YYYY-MM-DD'), 21, 1, 2026, 1, 0);
INSERT INTO "dim_time" ("time_id", "full_date", "day_num", "month_num", "year_num", "quarter_num", "is_weekend") VALUES (84, TO_DATE('2026-01-20', 'YYYY-MM-DD'), 20, 1, 2026, 1, 0);
INSERT INTO "dim_time" ("time_id", "full_date", "day_num", "month_num", "year_num", "quarter_num", "is_weekend") VALUES (85, TO_DATE('2026-01-19', 'YYYY-MM-DD'), 19, 1, 2026, 1, 0);
INSERT INTO "dim_time" ("time_id", "full_date", "day_num", "month_num", "year_num", "quarter_num", "is_weekend") VALUES (86, TO_DATE('2026-01-18', 'YYYY-MM-DD'), 18, 1, 2026, 1, 1);
INSERT INTO "dim_time" ("time_id", "full_date", "day_num", "month_num", "year_num", "quarter_num", "is_weekend") VALUES (87, TO_DATE('2026-01-17', 'YYYY-MM-DD'), 17, 1, 2026, 1, 1);
INSERT INTO "dim_time" ("time_id", "full_date", "day_num", "month_num", "year_num", "quarter_num", "is_weekend") VALUES (88, TO_DATE('2026-01-16', 'YYYY-MM-DD'), 16, 1, 2026, 1, 0);
INSERT INTO "dim_time" ("time_id", "full_date", "day_num", "month_num", "year_num", "quarter_num", "is_weekend") VALUES (89, TO_DATE('2026-01-15', 'YYYY-MM-DD'), 15, 1, 2026, 1, 0);
INSERT INTO "dim_time" ("time_id", "full_date", "day_num", "month_num", "year_num", "quarter_num", "is_weekend") VALUES (90, TO_DATE('2026-01-14', 'YYYY-MM-DD'), 14, 1, 2026, 1, 0);
INSERT INTO "dim_time" ("time_id", "full_date", "day_num", "month_num", "year_num", "quarter_num", "is_weekend") VALUES (91, TO_DATE('2026-01-13', 'YYYY-MM-DD'), 13, 1, 2026, 1, 0);
INSERT INTO "dim_time" ("time_id", "full_date", "day_num", "month_num", "year_num", "quarter_num", "is_weekend") VALUES (92, TO_DATE('2026-01-12', 'YYYY-MM-DD'), 12, 1, 2026, 1, 0);
INSERT INTO "dim_time" ("time_id", "full_date", "day_num", "month_num", "year_num", "quarter_num", "is_weekend") VALUES (93, TO_DATE('2026-01-11', 'YYYY-MM-DD'), 11, 1, 2026, 1, 1);
INSERT INTO "dim_time" ("time_id", "full_date", "day_num", "month_num", "year_num", "quarter_num", "is_weekend") VALUES (94, TO_DATE('2026-01-10', 'YYYY-MM-DD'), 10, 1, 2026, 1, 1);
INSERT INTO "dim_time" ("time_id", "full_date", "day_num", "month_num", "year_num", "quarter_num", "is_weekend") VALUES (95, TO_DATE('2026-01-09', 'YYYY-MM-DD'), 9, 1, 2026, 1, 0);
INSERT INTO "dim_time" ("time_id", "full_date", "day_num", "month_num", "year_num", "quarter_num", "is_weekend") VALUES (96, TO_DATE('2026-01-08', 'YYYY-MM-DD'), 8, 1, 2026, 1, 0);
INSERT INTO "dim_time" ("time_id", "full_date", "day_num", "month_num", "year_num", "quarter_num", "is_weekend") VALUES (97, TO_DATE('2026-01-07', 'YYYY-MM-DD'), 7, 1, 2026, 1, 0);
INSERT INTO "dim_time" ("time_id", "full_date", "day_num", "month_num", "year_num", "quarter_num", "is_weekend") VALUES (98, TO_DATE('2026-01-06', 'YYYY-MM-DD'), 6, 1, 2026, 1, 0);
INSERT INTO "dim_time" ("time_id", "full_date", "day_num", "month_num", "year_num", "quarter_num", "is_weekend") VALUES (99, TO_DATE('2026-01-05', 'YYYY-MM-DD'), 5, 1, 2026, 1, 0);
INSERT INTO "dim_time" ("time_id", "full_date", "day_num", "month_num", "year_num", "quarter_num", "is_weekend") VALUES (100, TO_DATE('2026-01-04', 'YYYY-MM-DD'), 4, 1, 2026, 1, 1);

COMMIT;

-- ============================================================
-- ANALYST MODULE — FAKE DATA ADDITIONS (v1.3 — 2026-04-19)
-- ============================================================

-- ---- Thêm roles mới (OPERATOR=4, REVIEWER=5, ANALYST=6) ----
INSERT INTO "roles" ("role_id", "role_name") VALUES (4, 'OPERATOR');
INSERT INTO "roles" ("role_id", "role_name") VALUES (5, 'REVIEWER');
INSERT INTO "roles" ("role_id", "role_name") VALUES (6, 'ANALYST');
COMMIT;

-- ---- ANALYST users ----
INSERT INTO "users" ("user_id", "username", "password_hash", "full_name", "email", "is_active", "created_at")
VALUES ('aa000001-0000-0000-0000-000000000001', 'analyst_1', 'hashed_password_123', 'Trần Thị Analyst 1', 'analyst1@hptrrđgtc.vn', 1, TO_TIMESTAMP('2026-01-10 08:00:00', 'YYYY-MM-DD HH24:MI:SS'));
INSERT INTO "user_roles" ("user_id", "role_id", "assigned_at")
VALUES ('aa000001-0000-0000-0000-000000000001', 6, TO_TIMESTAMP('2026-01-10 08:01:00', 'YYYY-MM-DD HH24:MI:SS'));

INSERT INTO "users" ("user_id", "username", "password_hash", "full_name", "email", "is_active", "created_at")
VALUES ('aa000002-0000-0000-0000-000000000002', 'analyst_2', 'hashed_password_123', 'Lê Văn Analyst 2', 'analyst2@hptrrđgtc.vn', 1, TO_TIMESTAMP('2026-02-01 09:00:00', 'YYYY-MM-DD HH24:MI:SS'));
INSERT INTO "user_roles" ("user_id", "role_id", "assigned_at")
VALUES ('aa000002-0000-0000-0000-000000000002', 6, TO_TIMESTAMP('2026-02-01 09:01:00', 'YYYY-MM-DD HH24:MI:SS'));
COMMIT;

-- ---- model_configs — ngưỡng mặc định ----
INSERT INTO "model_configs" ("model_name", "param_name", "param_value", "description", "updated_by", "updated_at", "version")
VALUES ('fraud', 'reject_threshold', 0.450000, 'Ngưỡng REJECT: fraud_score >= giá trị này → giao dịch bị từ chối', 'aa000001-0000-0000-0000-000000000001', TO_TIMESTAMP('2026-01-10 10:00:00', 'YYYY-MM-DD HH24:MI:SS'), 1);

INSERT INTO "model_configs" ("model_name", "param_name", "param_value", "description", "updated_by", "updated_at", "version")
VALUES ('fraud', 'review_threshold', 0.050000, 'Ngưỡng MANUAL_REVIEW: fraud_score >= giá trị này → chuyển duyệt tay', 'aa000001-0000-0000-0000-000000000001', TO_TIMESTAMP('2026-01-10 10:00:00', 'YYYY-MM-DD HH24:MI:SS'), 1);

INSERT INTO "model_configs" ("model_name", "param_name", "param_value", "description", "updated_by", "updated_at", "version")
VALUES ('loan', 'high_risk_threshold', 0.600000, 'Ngưỡng HIGH RISK: pd_score >= giá trị này → phân loại HIGH RISK', 'aa000001-0000-0000-0000-000000000001', TO_TIMESTAMP('2026-01-10 10:00:00', 'YYYY-MM-DD HH24:MI:SS'), 1);

INSERT INTO "model_configs" ("model_name", "param_name", "param_value", "description", "updated_by", "updated_at", "version")
VALUES ('loan', 'medium_risk_threshold', 0.300000, 'Ngưỡng MEDIUM RISK: pd_score >= giá trị này → phân loại MEDIUM RISK', 'aa000001-0000-0000-0000-000000000001', TO_TIMESTAMP('2026-01-10 10:00:00', 'YYYY-MM-DD HH24:MI:SS'), 1);
COMMIT;

-- ---- suppression_rules — ví dụ whitelist ----
INSERT INTO "suppression_rules" ("rule_id", "rule_type", "entity_id", "reason", "created_by", "expires_at", "is_active", "created_at")
VALUES ('sr000001-0000-0000-0000-000000000001', 'MERCHANT', 'MERCH-INTERNAL-PAYROLL', 'Merchant thanh toán lương nội bộ — không cần fraud check', 'aa000001-0000-0000-0000-000000000001', NULL, 1, TO_TIMESTAMP('2026-02-01 09:00:00', 'YYYY-MM-DD HH24:MI:SS'));

INSERT INTO "suppression_rules" ("rule_id", "rule_type", "entity_id", "reason", "created_by", "expires_at", "is_active", "created_at")
VALUES ('sr000002-0000-0000-0000-000000000002', 'CUSTOMER', 'cust-vip-00001', 'Khách hàng VIP đã xác minh danh tính đặc biệt — suppress MANUAL_REVIEW', 'aa000002-0000-0000-0000-000000000002', TO_TIMESTAMP('2026-12-31 23:59:59', 'YYYY-MM-DD HH24:MI:SS'), 1, TO_TIMESTAMP('2026-02-15 14:00:00', 'YYYY-MM-DD HH24:MI:SS'));
COMMIT;

-- ---- analyst_reports — báo cáo mẫu ----
INSERT INTO "analyst_reports" ("report_id", "title", "report_type", "content_md", "status", "submitted_by", "submitted_at", "acknowledged_by", "acknowledged_at", "note")
VALUES (
  'rpt00001-0000-0000-0000-000000000001',
  'Báo cáo Phân tích Fraud Q1/2026',
  'FRAUD_ANALYSIS',
  '# Báo cáo Phân tích Gian lận Q1/2026

## Tóm tắt điều hành
Trong Q1/2026, hệ thống xử lý **12.450 giao dịch**, trong đó:
- APPROVED: 10.820 (86.9%)
- REJECTED: 845 (6.8%)
- MANUAL_REVIEW: 785 (6.3%)

## Phát hiện chính
1. Tỉ lệ false positive tăng 2.1% so với Q4/2025 — đề xuất nâng review_threshold từ 0.05 → 0.08
2. Merchant category ONLINE_SHOPPING có fraud_score phân bố lệch phải — cần retraining
3. Suppression rule cho merchant nội bộ hoạt động hiệu quả — giảm 340 case không cần thiết

## Đề xuất
- Cập nhật review_threshold: 0.05 → 0.08
- Thu thập thêm labeled data cho ONLINE_SHOPPING trong Q2
',
  'ACKNOWLEDGED',
  'aa000001-0000-0000-0000-000000000001',
  TO_TIMESTAMP('2026-04-05 10:00:00', 'YYYY-MM-DD HH24:MI:SS'),
  NULL,  -- acknowledged_by: sẽ điền bằng user_id MANAGER thực tế
  TO_TIMESTAMP('2026-04-10 15:00:00', 'YYYY-MM-DD HH24:MI:SS'),
  'Đã review, đồng ý đề xuất cập nhật threshold'
);

INSERT INTO "analyst_reports" ("report_id", "title", "report_type", "content_md", "status", "submitted_by", "submitted_at", "acknowledged_by", "acknowledged_at", "note")
VALUES (
  'rpt00002-0000-0000-0000-000000000002',
  'Đánh giá Hiệu suất Mô hình PD Score — Tháng 3/2026',
  'LOAN_ANALYSIS',
  '# Hiệu suất Mô hình PD Score — Tháng 3/2026

## Số liệu tổng quan
- Tổng đơn vay tháng 3: **320 đơn**
- HIGH RISK (pd_score >= 0.6): 48 đơn (15%)
- MEDIUM RISK (0.3 <= pd_score < 0.6): 89 đơn (27.8%)
- LOW RISK (pd_score < 0.3): 183 đơn (57.2%)

## Phân tích phân phối
Mô hình hiện tại có AUC-ROC = 0.82. Tỉ lệ loan_intent = EDUCATION có pd_score cao bất thường — cần điều tra.

## Trạng thái
PENDING_REVIEW — chờ MANAGER xem xét
',
  'PENDING_REVIEW',
  'aa000002-0000-0000-0000-000000000002',
  TO_TIMESTAMP('2026-04-15 11:30:00', 'YYYY-MM-DD HH24:MI:SS'),
  NULL,
  NULL,
  NULL
);
COMMIT;
